Account,Date,Channel,Units,1:00,2:00,3:00,4:00,5:00,6:00,7:00,8:00,9:00,10:00,11:00,12:00,13:00,14:00,15:00,16:00,17:00,18:00,19:00,20:00,21:00,22:00,23:00,24:00
0067880031 OLD STURBRIDGE INC,4/13/2018,1 kWh,kWh,241.325,224.7,216.825,218.575,211.225,214.375,219.975,59.325,0.0,10.5,0.0,0.7,0.0,0.0,21.175,34.125,0.0,0.0,60.9,169.75,167.65,147.525,148.575,152.95
0067880031 OLD STURBRIDGE INC,4/14/2018,1 kWh,kWh,149.45,173.775,166.775,180.425,178.85,191.275,178.85,18.725,0.0,0.0,0.0,0.0,0.0,0.0,0.0,0.0,0.0,1.4,155.225,214.725,227.85,225.75,234.325,229.775
0067880031 OLD STURBRIDGE INC,4/15/2018,1 kWh,kWh,231.525,227.5,228.025,236.425,236.425,260.575,278.25,222.425,163.8,149.45,224.7,225.575,149.975,185.325,159.6,134.575,208.95,261.8,290.15,305.9,301.7,294.0,283.5,297.15
0067880031 OLD STURBRIDGE INC,4/16/2018,1 kWh,kWh,295.75,296.975,288.925,277.55,293.475,273.7,299.075,301.525,287.525,306.6,291.2,180.25,199.675,273.35,278.075,178.15,231.35,201.775,188.3,247.1,266.175,257.075,254.8,266.875
0067880031 OLD STURBRIDGE INC,4/17/2018,1 kWh,kWh,238.35,252.0,252.7,277.025,264.775,280.7,249.375,90.825,2.1,11.55,14.175,0.0,0.0,0.0,24.325,28.7,152.075,160.825,191.45,246.4,227.325,240.275,238.0,246.75
0067880031 OLD STURBRIDGE INC,4/18/2018,1 kWh,kWh,261.8,261.975,272.3,257.775,280.35,286.3,278.775,144.2,16.1,0.0,0.0,0.0,0.35,0.0,0.0,0.0,0.35,16.275,130.725,207.725,216.3,222.95,224.35,221.9
0067880031 OLD STURBRIDGE INC,4/19/2018,1 kWh,kWh,245.35,245.875,250.075,243.6,248.85,268.45,274.925,270.025,267.05,224.35,208.95,120.575,73.15,62.3,119.0,0.175,10.675,13.825,127.225,251.65,254.975,254.275,263.55,260.575
0067880031 OLD STURBRIDGE INC,4/20/2018,1 kWh,kWh,280.35,268.625,285.075,287.35,292.25,300.125,267.575,141.4,2.8,0.0,0.0,0.35,0.0,0.0,0.0,0.0,0.0,5.6,138.95,201.95,200.9,217.175,214.9,221.9
0067880031 OLD STURBRIDGE INC,4/21/2018,1 kWh,kWh,227.15,251.825,242.55,268.8,250.95,275.8,227.325,14.525,0.0,0.0,0.0,0.0,0.0,0.0,0.0,0.0,0.0,0.0,75.075,171.85,183.4,190.925,190.4,204.225
0067880031 OLD STURBRIDGE INC,4/22/2018,1 kWh,kWh,224.175,238.0,243.95,247.275,264.6,287.7,240.8,10.85,0.0,0.0,0.0,0.0,0.0,0.0,0.0,0.0,0.0,0.0,65.975,154.525,167.475,185.675,188.825,198.1
0067880031 OLD STURBRIDGE INC,4/23/2018,1 kWh,kWh,208.6,213.325,248.675,247.275,255.675,265.3,202.475,5.075,0.0,0.0,0.0,0.0,0.0,0.0,0.0,0.0,0.0,0.0,41.475,130.025,141.225,148.4,160.825,175.175
0067880031 OLD STURBRIDGE INC,4/24/2018,1 kWh,kWh,184.275,206.325,203.875,212.275,237.825,235.375,171.85,0.875,0.0,0.0,0.0,0.0,0.0,0.0,0.0,0.0,0.0,0.0,36.05,123.025,125.65,122.85,137.725,131.075
0067880031 OLD STURBRIDGE INC,4/25/2018,1 kWh,kWh,139.125,138.6,142.975,160.475,161.0,158.9,177.8,132.125,163.275,106.05,32.025,0.0,5.075,24.325,40.075,12.6,70.0,81.725,137.025,166.425,158.9,137.2,157.5,155.925
0067880031 OLD STURBRIDGE INC,4/26/2018,1 kWh,kWh,162.75,151.2,142.8,148.4,147.875,173.075,167.125,81.725,112.0,33.775,0.0,0.0,0.0,0.0,0.0,0.0,0.0,0.875,33.425,133.7,135.625,149.1,143.85,145.075
0067880031 OLD STURBRIDGE INC,4/27/2018,1 kWh,kWh,156.275,169.05,167.65,180.775,190.575,198.1,136.15,0.0,0.0,0.0,7.875,42.875,17.5,75.6,125.3,72.45,67.725,123.2,199.5,221.725,201.6,184.275,193.9,179.025
0067880031 OLD STURBRIDGE INC,4/28/2018,1 kWh,kWh,168.525,186.2,185.675,184.975,169.575,175.35,137.725,31.15,0.0,0.0,0.0,0.0,0.0,0.0,0.0,0.0,0.0,4.9,48.125,145.775,146.825,148.925,145.425,131.425
0067880031 OLD STURBRIDGE INC,4/29/2018,1 kWh,kWh,147.875,143.675,133.875,138.25,143.15,147.175,179.725,163.275,91.35,86.45,0.0,47.95,31.5,0.0,0.0,0.0,1.05,68.425,90.3,184.275,199.675,189.35,182.7,191.8
0067880031 OLD STURBRIDGE INC,4/30/2018,1 kWh,kWh,203.7,203.35,206.15,212.1,202.65,209.3,170.8,37.975,0.0,4.375,0.0,0.0,0.0,0.0,0.0,2.1,0.0,23.45,77.875,134.925,172.025,180.425,192.85,187.6
0067880031 OLD STURBRIDGE INC,5/1/2018,1 kWh,kWh,189.175,208.075,202.3,205.275,224.175,221.9,137.725,0.0,0.0,0.0,0.0,0.0,0.0,0.0,0.0,0.0,0.0,0.0,19.775,115.5,118.3,118.125,118.475,126.7
0067880031 OLD STURBRIDGE INC,5/2/2018,1 kWh,kWh,140.7,145.775,152.95,163.1,176.75,190.75,121.275,0.175,0.0,0.0,0.0,0.0,0.0,0.0,0.0,0.0,0.0,0.0,31.15,131.6,146.825,136.675,135.45,136.325
0067880031 OLD STURBRIDGE INC,5/3/2018,1 kWh,kWh,137.375,137.025,131.95,132.125,139.3,137.725,95.025,10.325,0.525,0.0,0.0,0.0,0.0,0.0,8.225,117.95,5.075,26.075,163.8,229.425,203.0,194.425,163.1,149.275
0067880031 OLD STURBRIDGE INC,5/4/2018,1 kWh,kWh,151.2,152.075,148.225,146.475,151.55,156.45,165.55,58.275,0.0,0.0,12.075,2.975,0.0,0.0,0.0,0.0,0.0,13.825,66.5,157.325,173.075,163.625,155.925,154.525
0067880031 OLD STURBRIDGE INC,5/5/2018,1 kWh,kWh,149.975,148.925,140.7,135.275,135.45,139.125,72.8,0.0,0.0,0.0,0.0,0.0,0.0,0.0,0.0,0.0,0.0,1.05,34.65,138.075,150.675,145.425,133.35,128.275
0067880031 OLD STURBRIDGE INC,5/6/2018,1 kWh,kWh,125.825,129.85,127.4,129.5,130.025,136.85,134.925,112.35,125.125,93.8,46.55,51.975,22.05,15.4,8.75,9.625,14.0,39.9,73.5,134.575,136.15,136.325,134.575,143.5
0067880031 OLD STURBRIDGE INC,5/7/2018,1 kWh,kWh,149.45,156.45,151.2,152.775,173.425,164.325,89.075,0.525,0.0,0.0,0.0,0.0,0.0,0.0,0.0,0.0,0.0,1.4,52.85,125.825,138.25,134.575,134.4,131.775
0067880031 OLD STURBRIDGE INC,5/8/2018,1 kWh,kWh,133.7,141.225,142.8,155.925,164.85,166.25,92.925,1.4,0.0,0.0,0.0,0.0,0.0,0.0,0.0,0.0,0.0,0.525,32.375,121.8,138.775,131.075,125.475,126.525
0067880031 OLD STURBRIDGE INC,5/9/2018,1 kWh,kWh,133.35,137.9,138.25,144.725,174.3,170.8,98.0,0.0,0.0,0.0,0.0,0.0,0.0,0.0,0.0,0.0,0.0,0.0,3.15,106.4,137.025,132.65,131.075,129.325
0067880031 OLD STURBRIDGE INC,5/10/2018,1 kWh,kWh,132.825,136.15,140.7,146.65,144.9,154.175,115.325,14.35,0.0,0.0,0.0,0.0,0.0,0.0,40.25,8.225,0.175,5.25,64.05,157.85,163.975,149.1,142.625,128.625
0067880031 OLD STURBRIDGE INC,5/11/2018,1 kWh,kWh,127.75,128.8,125.65,127.4,137.55,139.825,69.825,7.0,0.0,0.0,0.0,0.0,0.0,0.0,0.0,0.0,0.0,0.0,12.25,124.25,136.15,132.475,127.925,134.4
0067880031 OLD STURBRIDGE INC,5/12/2018,1 kWh,kWh,141.925,146.3,144.375,144.55,142.275,148.925,137.725,106.575,68.25,60.55,95.725,54.95,20.125,46.725,71.225,116.025,148.925,179.55,196.0,197.05,194.25,201.775,197.05,193.55
0067880031 OLD STURBRIDGE INC,5/13/2018,1 kWh,kWh,169.575,168.875,167.65,179.9,163.625,172.2,141.75,46.025,14.175,11.2,1.4,0.0,0.0,0.0,0.0,0.0,0.35,0.0,22.925,107.275,139.125,135.1,137.725,142.625
0067880031 OLD STURBRIDGE INC,5/14/2018,1 kWh,kWh,129.325,154.525,148.75,148.75,160.65,165.55,102.2,32.375,0.0,0.0,0.0,0.0,0.0,0.0,0.0,0.0,0.0,0.0,12.6,94.675,118.125,119.875,121.625,121.625
0067880031 OLD STURBRIDGE INC,5/15/2018,1 kWh,kWh,124.25,123.375,124.425,127.925,128.8,138.775,82.775,15.575,0.875,0.0,0.0,0.0,0.0,0.0,0.0,66.325,189.175,154.175,149.8,143.85,138.25,136.325,125.825,128.45
0067880031 OLD STURBRIDGE INC,5/16/2018,1 kWh,kWh,124.6,131.25,128.1,128.975,134.225,125.65,54.25,0.0,0.0,0.0,0.0,0.0,0.0,0.0,0.0,0.0,0.0,5.775,43.4,124.95,137.725,129.5,124.775,124.95
0067880031 OLD STURBRIDGE INC,5/17/2018,1 kWh,kWh,125.125,128.625,124.075,126.525,134.4,141.05,122.15,91.175,92.75,14.525,0.0,0.0,0.0,0.0,0.0,0.0,0.0,0.0,29.4,154.875,181.65,184.975,157.85,140.0
0067880031 OLD STURBRIDGE INC,5/18/2018,1 kWh,kWh,132.3,130.9,126.7,130.725,133.525,132.475,57.4,0.0,0.0,0.0,0.0,0.0,0.0,0.0,0.0,0.0,0.0,0.0,0.175,101.15,160.475,155.225,136.5,136.675
0067880031 OLD STURBRIDGE INC,5/19/2018,1 kWh,kWh,144.025,138.775,143.325,151.9,161.0,153.475,53.55,0.175,0.0,0.35,0.0,0.0,3.15,4.55,14.525,60.375,75.775,104.3,144.025,206.325,207.025,205.1,188.475,172.9
0067880031 OLD STURBRIDGE INC,5/20/2018,1 kWh,kWh,153.825,148.05,131.775,134.925,130.55,135.1,106.225,16.8,15.75,0.175,0.0,0.0,0.0,0.0,0.0,0.0,18.725,5.95,3.85,91.875,138.6,134.225,134.225,131.425
0067880031 OLD STURBRIDGE INC,5/21/2018,1 kWh,kWh,133.875,130.9,134.4,131.425,139.3,131.075,41.125,0.0,0.0,0.0,0.0,0.0,0.0,0.0,0.0,0.0,0.0,0.0,7.7,118.65,136.15,136.15,131.6,133.7
0067880031 OLD STURBRIDGE INC,5/22/2018,1 kWh,kWh,128.8,124.95,120.4,129.15,144.9,121.45,14.525,0.0,0.0,1.05,0.0,0.0,0.0,0.0,0.525,9.1,29.05,64.75,97.125,141.4,133.175,129.15,129.85,132.65
0067880031 OLD STURBRIDGE INC,5/23/2018,1 kWh,kWh,128.275,128.625,129.675,129.15,135.275,130.55,67.725,0.0,0.875,0.0,0.0,0.0,0.0,0.0,0.0,0.0,0.0,0.0,36.225,120.925,150.85,148.225,140.0,142.1
0067880031 OLD STURBRIDGE INC,5/24/2018,1 kWh,kWh,137.025,142.45,143.675,138.95,143.675,138.95,51.975,0.0,0.0,0.0,0.0,0.0,0.0,0.0,0.0,0.0,0.0,0.0,32.55,124.6,156.975,140.35,133.7,128.45
0067880031 OLD STURBRIDGE INC,5/25/2018,1 kWh,kWh,126.875,130.375,126.875,129.5,134.05,123.725,38.85,0.0,0.0,0.0,0.0,0.0,0.0,0.0,0.0,0.0,0.0,0.0,37.275,156.45,175.875,169.575,147.7,139.3
0067880031 OLD STURBRIDGE INC,5/26/2018,1 kWh,kWh,135.1,139.3,135.975,137.9,135.975,127.925,38.85,0.0,0.0,0.0,0.0,0.0,0.0,0.0,0.0,0.0,0.0,0.0,36.225,128.1,163.975,158.725,155.05,145.425
0067880031 OLD STURBRIDGE INC,5/27/2018,1 kWh,kWh,142.975,141.75,141.225,145.6,152.6,152.95,171.675,135.625,145.95,86.1,92.05,32.55,33.25,13.3,45.675,25.025,54.775,103.25,116.2,125.3,120.75,122.15,123.55,121.8
0067880031 OLD STURBRIDGE INC,5/28/2018,1 kWh,kWh,122.325,126.35,129.675,127.75,126.175,130.2,122.675,54.075,0.35,0.0,0.0,0.0,0.0,0.0,0.0,0.0,0.0,0.0,39.025,98.525,127.575,126.0,125.475,123.375
0067880031 OLD STURBRIDGE INC,5/29/2018,1 kWh,kWh,124.6,124.775,124.25,125.825,133.875,140.175,52.5,0.0,0.0,0.0,0.0,0.0,0.0,0.0,0.0,0.0,0.0,0.0,26.075,117.95,153.825,160.825,145.6,141.575
0067880031 OLD STURBRIDGE INC,5/30/2018,1 kWh,kWh,143.15,140.7,137.375,133.525,143.675,128.275,40.075,0.0,0.0,0.0,0.0,0.0,0.0,0.0,0.0,0.0,0.0,0.0,24.15,127.4,161.0,147.875,144.55,141.05
0067880031 OLD STURBRIDGE INC,5/31/2018,1 kWh,kWh,138.425,139.65,133.35,137.725,138.6,131.25,35.875,0.0,0.0,0.0,0.0,0.0,0.0,0.0,0.0,0.0,0.0,0.0,41.125,160.475,168.7,169.225,156.1,151.725
0067880031 OLD STURBRIDGE INC,6/1/2018,1 kWh,kWh,149.625,147.875,142.275,146.825,155.75,149.1,71.4,0.175,0.0,9.45,60.025,10.675,0.0,0.0,7.175,3.15,14.525,0.0,43.225,163.625,214.55,196.7,190.575,165.025
0067880031 OLD STURBRIDGE INC,6/2/2018,1 kWh,kWh,164.15,159.95,161.35,158.55,157.5,156.275,93.1,5.775,0.0,0.0,0.0,0.0,0.175,0.0,0.0,0.0,0.0,0.0,16.975,129.15,173.075,173.775,164.15,161.35
0067880031 OLD STURBRIDGE INC,6/3/2018,1 kWh,kWh,155.05,144.025,140.875,137.9,138.075,126.35,35.175,0.0,0.0,0.0,0.0,0.0,0.0,0.0,0.0,0.0,0.0,0.0,19.6,115.15,152.6,154.0,151.375,132.65
0067880031 OLD STURBRIDGE INC,6/4/2018,1 kWh,kWh,132.125,135.275,132.65,135.275,141.4,135.8,127.4,113.4,57.05,32.725,0.0,0.0,0.0,0.0,0.0,0.0,17.325,3.675,51.975,119.175,141.925,138.25,127.225,127.05
0067880031 OLD STURBRIDGE INC,6/5/2018,1 kWh,kWh,130.2,130.725,135.975,145.95,143.5,130.725,35.525,0.0,0.0,0.0,0.0,12.25,22.4,2.275,18.025,2.275,0.0,10.675,78.05,88.2,123.2,126.0,121.8,123.025
0067880031 OLD STURBRIDGE INC,6/6/2018,1 kWh,kWh,121.975,125.3,126.35,126.875,136.325,140.175,47.6,0.0,0.0,0.0,0.0,2.275,0.0,0.0,0.0,0.0,0.0,0.0,20.3,111.475,168.0,147.0,131.25,129.15
0067880031 OLD STURBRIDGE INC,6/7/2018,1 kWh,kWh,128.275,128.45,122.5,125.125,134.05,118.475,43.575,0.0,0.0,0.0,0.0,0.0,0.0,0.0,9.1,0.0,0.0,6.125,49.35,102.375,163.8,138.075,128.275,122.325
0067880031 OLD STURBRIDGE INC,6/8/2018,1 kWh,kWh,126.35,126.35,126.875,127.925,131.6,110.075,21.175,0.0,0.0,0.0,0.0,0.0,0.0,0.0,0.0,0.0,0.0,45.675,69.125,185.325,235.025,206.675,189.175,154.0
0067880031 OLD STURBRIDGE INC,6/9/2018,1 kWh,kWh,143.325,140.7,140.175,136.85,133.875,119.35,44.275,4.9,0.0,0.0,0.0,0.0,0.0,0.0,0.0,0.0,0.0,0.0,0.0,90.475,161.0,147.35,142.625,143.5
0067880031 OLD STURBRIDGE INC,6/10/2018,1 kWh,kWh,140.0,136.85,141.225,142.45,141.925,112.525,25.55,0.0,0.0,0.0,0.0,0.0,0.0,0.0,0.0,0.0,0.0,0.0,4.375,81.55,146.3,135.8,130.725,133.7
0067880031 OLD STURBRIDGE INC,6/11/2018,1 kWh,kWh,130.725,129.5,125.825,124.95,134.75,128.45,30.45,0.0,0.0,0.0,0.0,0.0,0.0,0.0,0.0,0.0,0.0,0.0,15.925,120.4,146.125,148.4,148.05,132.825
0067880031 OLD STURBRIDGE INC,6/12/2018,1 kWh,kWh,125.125,126.7,126.525,130.025,134.225,88.55,13.825,0.0,0.0,0.0,0.0,0.0,0.0,0.0,0.0,0.0,0.0,0.0,9.275,82.6,133.7,137.55,129.5,116.9
0067880031 OLD STURBRIDGE INC,6/13/2018,1 kWh,kWh,116.9,118.475,115.85,117.425,123.375,104.125,28.175,0.175,2.8,0.0,0.35,30.625,0.35,5.775,75.075,28.35,9.625,43.4,129.325,165.2,149.625,146.825,146.475,143.675
0067880031 OLD STURBRIDGE INC,6/14/2018,1 kWh,kWh,142.275,145.6,140.525,145.95,152.95,142.625,62.825,0.0,0.0,0.0,0.35,1.575,0.0,0.0,0.0,0.0,0.875,37.8,120.05,137.375,185.5,163.8,152.075,148.05
0067880031 OLD STURBRIDGE INC,6/15/2018,1 kWh,kWh,145.95,145.075,143.325,140.35,140.875,138.075,135.45,48.3,1.75,0.0,10.325,7.875,0.175,0.0,0.0,0.0,0.175,3.675,38.85,197.575,235.725,215.95,190.925,163.625
0067880031 OLD STURBRIDGE INC,6/16/2018,1 kWh,kWh,148.925,142.975,144.2,141.925,135.45,121.8,39.725,0.0,0.0,0.0,0.0,0.0,0.0,0.0,0.0,0.0,0.0,0.0,16.975,178.675,240.275,218.75,210.525,192.325
0067880031 OLD STURBRIDGE INC,6/17/2018,1 kWh,kWh,172.9,173.6,167.65,167.475,153.125,149.625,66.325,0.0,0.0,0.0,0.0,0.0,0.0,0.0,0.0,0.0,0.0,0.0,14.875,126.0,172.025,163.975,158.375,149.8
0067880031 OLD STURBRIDGE INC,6/18/2018,1 kWh,kWh,149.625,146.125,143.675,144.025,162.4,145.6,40.6,0.0,0.0,0.0,0.0,0.0,0.0,0.0,0.0,0.0,0.0,126.175,221.2,203.0,197.75,197.75,191.975,186.025
0067880031 OLD STURBRIDGE INC,6/19/2018,1 kWh,kWh,191.975,186.375,185.85,188.125,190.925,180.775,91.7,2.275,2.625,0.0,0.0,0.0,0.0,0.0,0.0,0.0,0.0,0.0,22.05,146.3,163.1,152.6,141.4,137.9
0067880031 OLD STURBRIDGE INC,6/20/2018,1 kWh,kWh,138.075,131.25,131.95,134.225,138.25,124.425,45.325,0.0,0.0,0.0,0.0,0.0,0.0,0.0,0.0,0.0,0.0,0.0,71.575,150.5,155.05,161.7,150.5,151.55
0067880031 OLD STURBRIDGE INC,6/21/2018,1 kWh,kWh,146.3,143.15,140.35,145.425,145.425,125.3,47.6,9.975,0.0,0.0,0.0,0.0,0.0,3.15,2.625,0.875,6.125,2.45,38.85,148.75,183.4,164.5,154.875,143.15
0067880031 OLD STURBRIDGE INC,6/22/2018,1 kWh,kWh,142.275,135.975,138.95,138.95,142.625,130.9,42.175,0.0,0.0,0.0,0.0,0.0,0.0,0.0,0.0,0.0,0.0,0.0,15.575,124.775,189.875,166.075,144.55,137.55
0067880031 OLD STURBRIDGE INC,6/23/2018,1 kWh,kWh,132.125,132.825,131.25,130.2,130.725,131.775,104.3,62.475,52.675,32.2,1.75,0.0,0.0,0.175,0.525,31.85,54.25,120.575,118.3,178.325,176.05,190.575,179.025,179.2
0067880031 OLD STURBRIDGE INC,6/24/2018,1 kWh,kWh,151.725,151.55,148.225,142.275,128.1,134.225,96.775,20.125,9.975,5.95,0.0,0.0,0.0,0.0,0.0,0.0,23.275,149.275,174.125,85.4,149.275,150.675,152.95,151.375
0067880031 OLD STURBRIDGE INC,6/25/2018,1 kWh,kWh,148.225,150.5,148.225,151.2,155.05,144.2,34.65,2.8,0.7,0.175,0.0,0.0,0.0,0.0,0.0,0.0,0.0,0.0,12.25,137.2,165.9,167.825,161.35,156.45
0067880031 OLD STURBRIDGE INC,6/26/2018,1 kWh,kWh,158.025,137.9,133.875,134.05,137.375,120.925,35.175,0.0,0.0,0.0,0.0,0.0,0.0,0.0,0.0,0.0,0.0,0.0,14.525,78.05,139.125,141.05,142.8,135.625
0067880031 OLD STURBRIDGE INC,6/27/2018,1 kWh,kWh,131.25,129.85,129.5,129.675,134.925,117.775,51.275,0.0,0.0,0.0,0.0,0.0,0.0,0.0,0.0,5.075,32.2,91.525,79.1,176.4,179.375,172.55,152.075,138.775
0067880031 OLD STURBRIDGE INC,6/28/2018,1 kWh,kWh,141.05,140.7,135.625,149.975,157.325,159.95,180.425,210.7,238.35,237.825,39.725,38.15,100.45,28.0,0.0,0.0,54.775,172.025,143.85,114.625,160.475,159.775,153.3,144.9
0067880031 OLD STURBRIDGE INC,6/29/2018,1 kWh,kWh,148.225,146.475,144.55,143.5,145.95,149.625,70.35,0.0,0.0,0.0,0.0,0.0,0.0,179.725,337.925,330.925,326.375,289.625,271.075,257.775,249.375,236.075,216.3,203.875
0067880031 OLD STURBRIDGE INC,6/30/2018,1 kWh,kWh,172.375,165.9,150.15,148.05,148.925,148.05,162.225,194.075,224.0,257.075,294.525,324.8,315.525,319.375,334.25,315.875,312.55,289.45,278.6,276.325,266.175,265.3,243.6,226.625
0067880031 OLD STURBRIDGE INC,7/1/2018,1 kWh,kWh,198.975,197.05,180.6,177.8,176.75,170.275,182.525,192.85,249.375,294.175,312.375,319.725,341.775,356.3,366.8,342.3,329.525,276.675,249.025,224.7,211.575,197.575,201.425,187.775
0067880031 OLD STURBRIDGE INC,7/2/2018,1 kWh,kWh,186.725,183.225,175.875,170.1,166.6,170.975,181.825,214.375,251.475,292.25,305.9,312.025,324.625,347.725,357.525,350.175,322.0,290.15,269.15,253.4,212.1,217.0,205.275,201.075
0067880031 OLD STURBRIDGE INC,7/3/2018,1 kWh,kWh,191.8,188.825,191.1,186.2,184.45,197.575,199.675,202.475,245.0,284.375,316.225,323.925,341.775,348.6,374.85,367.675,344.925,309.75,281.05,234.325,220.675,201.25,205.275,189.7
0067880031 OLD STURBRIDGE INC,7/4/2018,1 kWh,kWh,190.4,182.35,182.875,182.0,178.5,176.4,192.85,230.3,270.55,294.7,325.5,323.225,348.775,368.55,360.5,370.825,334.6,300.475,277.025,255.325,221.375,211.225,208.425,197.75
0067880031 OLD STURBRIDGE INC,7/5/2018,1 kWh,kWh,191.8,196.0,186.025,182.35,183.75,184.8,195.65,224.525,274.05,314.825,343.0,375.375,356.65,360.85,360.325,342.3,329.175,292.775,255.5,246.4,224.875,201.075,200.2,194.075
0067880031 OLD STURBRIDGE INC,7/6/2018,1 kWh,kWh,180.25,182.175,186.725,176.925,179.725,184.275,191.8,204.225,260.75,299.075,304.15,302.925,312.2,313.95,302.925,285.95,266.7,254.975,233.975,224.175,201.075,160.3,155.05,148.225
0067880031 OLD STURBRIDGE INC,7/7/2018,1 kWh,kWh,145.775,145.25,140.0,138.95,137.9,136.675,151.025,165.2,203.875,239.225,245.0,270.025,266.0,279.825,276.675,273.7,247.975,234.85,213.675,220.85,197.225,197.925,184.1,165.2
0067880031 OLD STURBRIDGE INC,7/8/2018,1 kWh,kWh,150.675,147.7,144.2,140.7,135.8,140.0,149.8,162.75,213.85,242.725,270.55,282.8,288.75,303.625,298.9,294.875,270.025,219.45,193.55,191.975,169.05,161.0,157.5,146.125
0067880031 OLD STURBRIDGE INC,7/9/2018,1 kWh,kWh,144.2,141.4,137.025,133.175,135.275,138.075,154.7,176.575,102.025,35.35,212.8,214.9,214.2,223.3,218.05,224.7,225.4,223.65,206.85,196.525,188.65,185.675,182.175,176.05
0067880031 OLD STURBRIDGE INC,7/10/2018,1 kWh,kWh,177.45,167.65,167.65,164.675,159.25,166.6,164.85,179.025,197.4,218.75,248.675,246.05,267.05,276.325,283.325,263.725,269.85,250.25,245.7,215.95,184.975,182.175,165.9,155.925
0067880031 OLD STURBRIDGE INC,7/11/2018,1 kWh,kWh,153.65,147.525,147.0,146.475,143.5,143.675,168.875,201.6,236.775,269.675,295.225,312.025,307.65,306.775,305.725,303.8,269.85,240.8,226.45,202.65,172.025,162.225,157.85,148.225
0067880031 OLD STURBRIDGE INC,7/12/2018,1 kWh,kWh,143.675,137.55,144.725,142.45,148.05,148.575,172.375,188.125,211.4,257.95,265.125,279.125,289.275,290.5,277.55,292.25,253.75,232.575,213.5,208.95,184.625,156.8,144.375,138.6
0067880031 OLD STURBRIDGE INC,7/13/2018,1 kWh,kWh,143.675,136.85,135.1,136.85,131.25,136.15,151.025,162.4,213.15,258.475,288.75,301.875,303.975,315.7,304.325,305.55,282.625,259.0,235.9,222.075,192.325,163.625,157.675,155.75
0067880031 OLD STURBRIDGE INC,7/14/2018,1 kWh,kWh,147.7,144.2,141.925,138.075,138.425,143.15,156.975,182.35,222.425,236.775,259.175,279.3,277.725,296.45,308.875,275.8,255.5,245.525,220.5,213.325,217.0,217.525,194.25,186.55
0067880031 OLD STURBRIDGE INC,7/15/2018,1 kWh,kWh,170.8,166.25,159.6,158.2,155.75,161.7,175.875,191.8,266.175,282.275,290.15,305.2,302.4,309.575,315.0,317.45,288.75,232.225,214.725,192.15,176.225,183.225,177.275,169.575
0067880031 OLD STURBRIDGE INC,7/16/2018,1 kWh,kWh,168.7,159.25,153.65,154.0,152.075,150.675,169.05,191.275,213.5,229.775,248.5,238.875,245.525,252.525,251.825,265.475,255.5,247.45,226.1,221.9,215.6,207.025,213.325,197.225
0067880031 OLD STURBRIDGE INC,7/17/2018,1 kWh,kWh,197.4,192.15,192.15,187.6,187.6,188.65,193.55,194.075,225.75,245.175,252.875,255.5,269.15,268.1,249.375,236.775,231.525,210.0,191.975,174.65,164.5,158.55,155.925,158.725
0067880031 OLD STURBRIDGE INC,7/18/2018,1 kWh,kWh,154.175,152.95,156.45,149.45,147.0,148.575,165.375,195.125,224.875,273.175,289.275,298.9,305.55,308.875,312.9,296.275,269.15,242.025,221.2,194.95,168.7,155.225,139.65,137.725
0067880031 OLD STURBRIDGE INC,7/19/2018,1 kWh,kWh,132.475,130.55,128.45,126.175,126.175,135.1,166.775,185.5,249.55,277.55,302.75,292.95,312.025,323.225,312.725,300.475,292.425,252.0,238.175,218.4,188.3,150.5,152.95,141.575
0067880031 OLD STURBRIDGE INC,7/20/2018,1 kWh,kWh,140.875,138.95,135.975,135.45,132.825,137.55,155.05,168.35,226.275,257.6,296.8,307.125,309.575,330.75,325.325,323.925,293.475,277.375,277.9,260.75,229.95,193.025,172.55,164.15
0067880031 OLD STURBRIDGE INC,7/21/2018,1 kWh,kWh,154.875,147.7,148.4,145.425,143.675,148.05,158.725,191.975,254.975,258.3,279.125,309.75,311.675,336.175,326.725,315.35,330.05,348.6,340.375,333.375,288.925,239.575,217.875,209.65
0067880031 OLD STURBRIDGE INC,7/22/2018,1 kWh,kWh,191.275,190.4,186.375,183.225,186.2,187.6,207.55,218.925,256.025,274.575,282.1,301.35,303.45,306.425,319.375,307.3,301.35,281.575,255.325,254.1,255.325,246.925,232.925,231.0
0067880031 OLD STURBRIDGE INC,7/23/2018,1 kWh,kWh,200.025,202.3,198.45,199.85,199.5,202.65,212.275,191.625,188.825,207.9,203.0,213.85,206.325,217.875,211.575,206.15,202.825,194.425,186.025,184.8,182.35,176.225,176.05,173.075
0067880031 OLD STURBRIDGE INC,7/24/2018,1 kWh,kWh,168.0,165.725,165.55,169.225,165.375,169.225,170.975,171.675,201.075,227.5,241.5,252.525,247.275,243.6,232.75,232.925,236.95,208.25,206.325,194.25,188.3,172.9,173.6,167.825
0067880031 OLD STURBRIDGE INC,7/25/2018,1 kWh,kWh,165.725,164.5,162.575,162.05,162.4,167.3,187.775,194.075,250.775,287.875,305.9,311.85,312.725,327.425,308.7,293.3,265.125,239.75,225.05,209.475,203.7,202.475,195.65,196.7
0067880031 OLD STURBRIDGE INC,7/26/2018,1 kWh,kWh,196.35,192.325,191.1,199.85,205.625,211.75,233.975,232.05,265.125,291.375,296.275,302.05,310.1,329.525,309.05,282.975,270.2,256.55,242.2,224.0,213.5,202.825,204.225,191.975
0067880031 OLD STURBRIDGE INC,7/27/2018,1 kWh,kWh,196.175,195.825,197.925,195.65,199.85,202.825,221.2,233.1,264.425,305.2,335.65,364.35,334.6,354.025,358.05,348.075,316.05,287.7,262.325,240.45,227.5,225.75,207.2,196.0
0067880031 OLD STURBRIDGE INC,7/28/2018,1 kWh,kWh,193.9,193.2,185.15,186.9,178.325,189.175,200.55,196.175,231.525,265.125,292.075,322.175,313.425,325.15,345.1,346.85,323.75,292.25,291.55,276.85,271.6,259.0,255.85,257.95
0067880031 OLD STURBRIDGE INC,7/29/2018,1 kWh,kWh,223.65,210.0,207.375,192.85,182.35,184.625,199.5,203.35,265.65,284.725,276.85,309.925,321.3,312.55,306.95,279.475,259.875,243.25,219.625,206.675,192.85,185.5,182.35,172.9
0067880031 OLD STURBRIDGE INC,7/30/2018,1 kWh,kWh,168.7,165.375,163.8,160.125,161.175,159.95,168.35,164.675,188.475,202.125,206.15,205.625,209.825,152.95,0.0,0.0,0.0,2.625,79.275,188.825,196.525,191.1,180.25,179.725
0067880031 OLD STURBRIDGE INC,7/31/2018,1 kWh,kWh,175.35,171.325,174.3,167.825,169.75,172.725,116.2,15.75,0.0,0.0,0.0,0.0,0.0,0.0,0.0,0.875,0.0,5.425,79.275,191.625,210.875,211.4,194.775,189.35
0067880031 OLD STURBRIDGE INC,8/1/2018,1 kWh,kWh,185.325,182.875,177.625,177.275,172.725,174.3,129.675,22.75,2.1,0.525,0.0,49.0,12.075,28.0,33.95,76.825,150.675,22.4,72.625,196.175,209.3,203.175,197.75,194.775
0067880031 OLD STURBRIDGE INC,8/2/2018,1 kWh,kWh,192.325,188.475,187.775,187.25,187.6,195.475,170.8,12.775,0.0,0.0,0.0,0.0,0.35,0.0,5.075,28.0,103.25,264.775,255.15,169.575,221.375,223.3,208.25,203.175
0067880031 OLD STURBRIDGE INC,8/3/2018,1 kWh,kWh,198.45,204.925,192.85,197.575,199.325,197.75,172.55,20.125,54.425,0.525,13.3,11.2,37.1,0.175,6.475,1.75,11.2,96.075,151.9,213.675,233.45,222.25,215.6,215.775
0067880031 OLD STURBRIDGE INC,8/4/2018,1 kWh,kWh,202.3,207.2,201.425,201.25,205.975,211.575,128.45,40.425,151.55,276.5,120.05,32.725,127.575,28.35,0.0,0.0,0.525,24.85,186.2,202.65,235.2,232.75,221.2,211.925
0067880031 OLD STURBRIDGE INC,8/5/2018,1 kWh,kWh,202.475,200.2,198.8,199.325,196.7,200.025,171.675,4.55,0.0,0.0,0.0,0.0,0.0,0.0,1.4,0.0,0.0,0.0,112.35,230.65,249.025,240.975,234.675,223.475
0067880031 OLD STURBRIDGE INC,8/6/2018,1 kWh,kWh,214.55,211.225,201.25,203.875,195.65,193.025,125.125,3.675,0.0,0.0,0.0,0.0,0.0,0.0,0.0,0.0,0.0,1.4,98.0,218.05,236.425,240.625,221.725,213.675
0067880031 OLD STURBRIDGE INC,8/7/2018,1 kWh,kWh,207.375,210.35,203.875,195.475,194.425,188.825,138.95,7.7,0.0,0.0,0.0,0.0,0.0,0.0,0.0,0.0,0.0,14.175,184.275,253.75,238.35,229.25,224.875,215.425
0067880031 OLD STURBRIDGE INC,8/8/2018,1 kWh,kWh,205.45,201.075,202.3,192.5,199.675,194.6,180.775,92.925,14.7,0.0,0.0,5.425,4.9,0.525,0.0,1.925,5.25,100.275,91.175,241.15,240.625,229.775,217.525,213.85
0067880031 OLD STURBRIDGE INC,8/9/2018,1 kWh,kWh,207.725,199.5,203.175,199.5,196.0,202.475,217.175,169.925,68.95,8.05,0.0,0.0,1.225,5.6,2.45,9.45,33.25,214.55,259.875,247.975,227.325,206.325,194.075,194.075
0067880031 OLD STURBRIDGE INC,8/10/2018,1 kWh,kWh,187.075,187.425,193.025,192.85,194.075,189.175,210.875,213.675,250.25,289.975,316.4,332.325,327.425,345.275,330.4,318.5,289.1,266.525,192.325,232.05,222.6,226.625,218.4,204.575
0067880031 OLD STURBRIDGE INC,8/11/2018,1 kWh,kWh,197.925,190.225,188.825,188.65,193.375,195.825,211.925,203.35,219.625,181.825,149.45,142.625,147.35,120.575,140.7,182.7,173.95,148.05,193.55,241.5,257.425,257.425,264.25,224.7
0067880031 OLD STURBRIDGE INC,8/12/2018,1 kWh,kWh,218.925,208.075,185.675,189.35,184.1,191.625,190.925,121.45,57.925,114.625,76.3,54.775,38.675,1.05,1.75,0.35,91.175,88.725,174.475,207.9,197.225,187.075,195.125,184.1
0067880031 OLD STURBRIDGE INC,8/13/2018,1 kWh,kWh,180.25,183.575,177.1,176.05,175.0,183.575,184.275,141.4,115.325,67.025,43.4,0.0,1.4,28.175,37.975,68.25,141.05,124.075,157.5,181.125,183.4,182.875,179.725,175.35
0067880031 OLD STURBRIDGE INC,8/14/2018,1 kWh,kWh,180.775,180.775,169.925,184.625,173.6,184.8,160.825,87.675,81.55,12.075,10.675,0.0,37.8,0.175,13.475,5.425,0.0,10.675,99.4,204.05,196.875,191.975,193.025,183.75
0067880031 OLD STURBRIDGE INC,8/16/2018,1 kWh,kWh,,,206.5,195.125,198.275,196.875,182.35,32.9,0.0,0.0,0.0,0.0,0.175,0.0,0.0,7.175,0.0,14.175,163.45,277.725,281.75,267.925,250.775,233.275
0067880031 OLD STURBRIDGE INC,8/17/2018,1 kWh,kWh,231.525,211.925,210.175,209.825,204.225,203.525,183.575,41.825,0.0,0.0,0.0,0.0,0.0,0.0,16.1,0.0,0.0,93.8,211.4,250.25,248.85,234.5,227.15,221.025
0067880031 OLD STURBRIDGE INC,8/18/2018,1 kWh,kWh,208.425,216.825,220.325,208.425,205.625,214.725,197.05,103.775,5.775,0.0,0.0,0.0,0.0,0.0,77.875,322.175,236.075,28.0,147.175,246.75,255.5,256.2,249.375,228.55
0067880031 OLD STURBRIDGE INC,8/19/2018,1 kWh,kWh,215.425,207.55,201.25,200.025,199.15,190.75,180.6,45.325,0.0,0.0,0.0,0.0,0.0,0.0,0.0,0.0,0.0,24.15,123.025,203.875,208.775,201.775,198.975,189.875
0067880031 OLD STURBRIDGE INC,8/20/2018,1 kWh,kWh,190.575,184.975,185.325,182.175,189.175,182.175,147.875,1.575,2.1,0.0,0.0,0.0,0.0,0.0,0.0,0.0,6.3,0.0,113.925,193.9,188.65,190.925,177.975,179.55
0067880031 OLD STURBRIDGE INC,8/21/2018,1 kWh,kWh,170.8,170.45,173.25,168.0,160.475,161.35,121.45,4.55,0.0,0.0,0.0,0.0,0.0,0.0,0.0,0.0,0.0,23.975,99.925,175.0,175.175,173.775,165.025,164.5
0067880031 OLD STURBRIDGE INC,8/22/2018,1 kWh,kWh,160.65,158.9,156.45,158.025,157.15,163.625,175.175,179.2,164.5,50.575,23.275,0.175,0.0,0.0,97.475,0.0,0.0,39.2,132.65,204.4,204.925,186.375,193.9,180.6
0067880031 OLD STURBRIDGE INC,8/23/2018,1 kWh,kWh,185.325,182.525,175.525,180.075,182.0,182.175,200.375,60.2,13.65,3.15,0.0,0.0,0.0,0.0,3.675,2.1,1.575,42.35,139.65,223.65,211.4,198.275,189.175,175.525
0067880031 OLD STURBRIDGE INC,8/24/2018,1 kWh,kWh,172.2,163.8,160.3,161.875,169.225,176.575,152.6,19.775,0.0,0.0,0.0,0.0,0.0,0.0,0.0,0.0,0.0,12.075,180.25,277.2,277.55,253.05,243.6,232.225
0067880031 OLD STURBRIDGE INC,8/25/2018,1 kWh,kWh,213.675,197.75,188.65,179.2,184.975,172.2,135.45,5.6,0.0,0.0,0.0,0.0,0.0,0.0,0.0,0.0,0.0,1.05,135.8,242.725,255.85,242.725,236.95,238.7
0067880031 OLD STURBRIDGE INC,8/26/2018,1 kWh,kWh,201.25,193.025,187.075,175.35,171.325,170.45,164.5,9.275,0.0,0.0,0.0,0.35,0.0,0.0,0.0,4.375,8.925,42.525,157.675,210.35,221.025,218.575,210.175,202.65
0067880031 OLD STURBRIDGE INC,8/27/2018,1 kWh,kWh,207.55,203.175,195.825,194.95,203.7,208.6,176.225,16.1,0.0,0.0,0.0,0.0,0.0,0.0,0.0,0.0,2.1,6.475,164.15,232.925,238.175,229.425,228.9,224.875
0067880031 OLD STURBRIDGE INC,8/28/2018,1 kWh,kWh,216.125,205.275,211.05,208.075,209.825,212.625,189.175,22.4,0.0,0.0,0.0,0.0,0.0,0.0,0.0,0.0,0.0,19.95,193.9,260.575,261.625,270.725,248.325,250.25
0067880031 OLD STURBRIDGE INC,8/29/2018,1 kWh,kWh,245.35,239.575,238.525,239.4,231.875,227.675,225.05,45.5,0.0,0.0,0.0,0.0,0.0,1.575,9.975,0.0,0.0,28.35,234.675,295.575,279.65,261.8,258.65,253.925
0067880031 OLD STURBRIDGE INC,8/30/2018,1 kWh,kWh,253.925,240.625,243.95,238.525,240.1,236.6,227.675,68.6,0.0,0.0,0.175,16.275,12.075,0.0,0.0,0.0,14.525,110.075,204.225,251.125,240.8,237.825,219.275,217.35
0067880031 OLD STURBRIDGE INC,8/31/2018,1 kWh,kWh,204.575,203.525,199.5,194.775,200.2,206.325,210.525,126.0,9.975,0.0,0.0,0.0,0.525,0.0,0.0,0.0,1.225,89.6,197.225,254.8,268.275,236.075,224.525,211.05
0067880031 OLD STURBRIDGE INC,9/1/2018,1 kWh,kWh,182.875,172.9,173.6,166.25,168.875,162.575,158.9,27.125,4.9,10.675,0.0,0.0,0.0,0.0,0.0,0.0,1.75,46.025,205.8,278.775,274.4,279.125,269.85,261.625
0067880031 OLD STURBRIDGE INC,9/2/2018,1 kWh,kWh,219.45,202.125,190.05,190.575,182.0,186.55,177.45,37.1,41.65,0.525,0.0,0.0,0.0,0.0,0.0,0.0,10.5,84.0,210.875,271.6,276.5,287.35,268.45,258.65
0067880031 OLD STURBRIDGE INC,9/3/2018,1 kWh,kWh,233.275,218.75,211.575,204.575,204.575,211.4,228.2,177.625,32.375,0.0,0.0,0.0,0.525,0.35,21.0,0.0,2.1,44.45,227.675,273.875,255.15,248.675,241.325,241.85
0067880031 OLD STURBRIDGE INC,9/4/2018,1 kWh,kWh,230.475,221.025,221.9,217.525,245.525,248.325,229.25,56.525,0.0,0.875,1.225,0.525,7.525,26.95,16.625,22.05,97.65,26.25,203.175,264.25,254.8,248.5,231.35,219.8
0067880031 OLD STURBRIDGE INC,9/5/2018,1 kWh,kWh,221.025,210.525,204.4,200.375,195.65,198.625,220.5,135.275,13.825,0.0,0.0,0.0,4.025,0.0,2.1,0.0,1.925,26.95,229.775,278.775,252.875,251.125,244.475,233.975
0067880031 OLD STURBRIDGE INC,9/6/2018,1 kWh,kWh,228.55,217.175,222.95,218.05,222.95,233.45,240.975,186.2,65.975,1.75,0.0,0.0,5.425,3.5,48.65,259.175,319.025,265.475,263.55,263.9,243.95,235.025,228.2,221.55
0067880031 OLD STURBRIDGE INC,9/7/2018,1 kWh,kWh,222.6,211.75,208.425,207.725,210.525,198.1,219.1,147.525,162.925,143.85,70.7,10.85,7.0,29.225,0.0,0.0,18.025,39.025,202.125,242.2,228.375,199.15,177.8,167.3
0067880031 OLD STURBRIDGE INC,9/8/2018,1 kWh,kWh,165.9,168.525,167.65,173.775,169.925,168.35,176.225,129.5,47.25,20.825,1.225,0.0,0.0,0.0,0.0,15.225,112.525,140.525,206.5,218.225,187.6,198.8,194.425,194.95
0067880031 OLD STURBRIDGE INC,9/9/2018,1 kWh,kWh,159.775,141.05,135.625,132.125,132.125,133.175,149.45,59.85,0.35,0.0,0.0,0.0,0.0,0.0,0.0,0.0,0.0,59.325,178.325,176.75,186.55,181.65,173.775,148.75
0067880031 OLD STURBRIDGE INC,9/10/2018,1 kWh,kWh,137.2,135.275,135.975,137.2,137.375,140.0,147.525,117.25,98.525,73.325,11.2,0.0,0.0,0.35,0.875,44.275,73.675,101.15,139.65,143.85,139.125,140.0,136.675,140.7
0067880031 OLD STURBRIDGE INC,9/11/2018,1 kWh,kWh,139.3,145.425,143.5,144.025,150.675,151.375,158.55,92.925,20.65,9.45,0.0,0.0,0.0,0.0,1.925,23.625,16.625,59.5,163.275,175.875,175.175,164.675,162.05,154.0
0067880031 OLD STURBRIDGE INC,9/12/2018,1 kWh,kWh,157.325,155.4,151.725,159.775,156.975,169.4,176.925,176.575,214.55,218.05,234.5,251.825,260.05,242.2,79.275,72.45,105.175,156.975,215.95,201.075,166.775,160.475,156.1,159.075
0067880031 OLD STURBRIDGE INC,9/13/2018,1 kWh,kWh,157.15,153.3,156.975,155.925,156.1,157.15,178.325,140.175,53.9,10.15,0.0,6.825,0.0,17.325,63.525,55.825,30.45,96.95,183.05,196.175,190.05,180.425,168.875,170.625
0067880031 OLD STURBRIDGE INC,9/14/2018,1 kWh,kWh,166.775,170.1,166.95,166.425,166.25,168.875,182.875,115.15,4.55,20.3,0.175,0.0,0.0,0.0,12.25,26.6,23.275,33.775,229.775,226.1,222.25,223.825,209.3,182.175
0067880031 OLD STURBRIDGE INC,9/15/2018,1 kWh,kWh,172.375,164.15,169.05,168.875,167.125,166.25,187.425,112.875,31.325,3.5,0.0,0.0,0.0,3.675,0.0,0.0,0.0,46.55,252.875,247.1,249.375,250.425,235.025,224.525
0067880031 OLD STURBRIDGE INC,9/16/2018,1 kWh,kWh,208.425,189.525,182.35,181.65,177.275,172.025,184.275,80.675,0.0,0.0,0.0,0.0,0.0,0.0,4.375,1.225,14.525,186.2,219.625,214.9,209.3,198.625,199.675,189.525
0067880031 OLD STURBRIDGE INC,9/17/2018,1 kWh,kWh,185.675,181.475,171.85,164.15,173.075,173.6,172.9,92.925,5.425,0.0,0.0,0.0,0.0,0.0,0.0,0.0,2.275,83.825,195.3,211.225,201.25,192.15,187.95,186.55
0067880031 OLD STURBRIDGE INC,9/18/2018,1 kWh,kWh,187.775,185.675,180.075,173.425,179.375,180.775,190.575,140.875,114.275,166.25,71.225,119.175,75.95,120.925,7.175,27.125,1.575,15.4,161.35,188.825,176.575,172.9,165.025,166.25
0067880031 OLD STURBRIDGE INC,9/19/2018,1 kWh,kWh,163.625,163.8,159.075,156.625,163.1,161.525,188.3,148.4,129.325,93.45,14.7,23.1,0.0,3.325,26.075,21.525,7.35,70.7,166.95,175.175,161.875,160.825,154.525,153.3
0067880031 OLD STURBRIDGE INC,9/20/2018,1 kWh,kWh,151.025,153.65,149.975,150.5,149.625,160.825,184.8,131.95,38.85,29.4,0.0,0.0,0.0,1.05,0.0,2.625,16.975,70.0,194.6,186.55,174.65,158.9,156.275,156.8
0067880031 OLD STURBRIDGE INC,9/21/2018,1 kWh,kWh,153.65,154.7,151.025,163.45,170.625,172.725,196.0,152.075,79.1,2.8,0.0,0.0,38.325,0.0,17.85,48.825,107.8,113.4,189.35,183.225,169.05,162.575,159.6,157.325
0067880031 OLD STURBRIDGE INC,9/22/2018,1 kWh,kWh,160.475,160.825,160.65,156.8,163.45,172.375,179.55,55.475,4.375,1.4,0.0,0.0,0.0,0.0,0.0,0.0,21.7,114.275,214.9,252.0,245.525,222.775,195.475,193.2
0067880031 OLD STURBRIDGE INC,9/23/2018,1 kWh,kWh,174.125,156.45,154.175,140.175,138.95,141.75,152.425,71.575,1.4,0.0,0.0,0.0,0.0,0.0,0.0,0.0,5.25,59.325,147.7,154.35,144.2,141.4,136.5,132.65
0067880031 OLD STURBRIDGE INC,9/24/2018,1 kWh,kWh,134.75,134.225,129.675,131.95,129.325,139.475,147.0,106.225,89.6,23.8,0.0,0.0,0.0,0.0,0.0,0.525,0.0,64.925,126.35,131.425,133.525,134.575,134.225,132.3
0067880031 OLD STURBRIDGE INC,9/25/2018,1 kWh,kWh,140.875,134.75,141.225,144.025,137.55,135.625,144.55,130.375,102.375,82.425,36.05,40.6,71.925,96.6,110.6,89.95,140.525,138.95,147.7,156.625,143.5,139.125,141.05,142.625
0067880031 OLD STURBRIDGE INC,9/26/2018,1 kWh,kWh,135.8,143.5,144.725,139.475,141.75,146.125,166.95,125.825,81.725,70.7,28.175,0.0,8.4,0.175,6.65,149.625,134.05,144.025,222.25,215.25,209.3,196.0,187.425,176.75
0067880031 OLD STURBRIDGE INC,9/27/2018,1 kWh,kWh,168.175,166.25,163.45,155.05,154.525,161.525,191.1,116.2,20.3,0.0,0.0,0.0,0.0,0.0,2.975,9.275,35.525,84.525,204.75,209.65,188.65,166.95,163.275,147.7
0067880031 OLD STURBRIDGE INC,9/28/2018,1 kWh,kWh,148.575,143.15,147.175,147.875,149.8,149.975,177.45,181.475,133.35,164.325,97.825,0.525,0.0,0.0,19.25,13.475,64.925,135.625,193.375,203.0,198.275,219.45,199.675,198.8
0067880031 OLD STURBRIDGE INC,9/29/2018,1 kWh,kWh,195.475,168.525,163.275,156.1,145.775,138.425,155.925,77.35,1.4,0.0,0.0,0.0,0.0,0.0,0.0,0.875,4.375,106.225,216.3,240.275,202.3,238.0,215.95,220.85
0067880031 OLD STURBRIDGE INC,9/30/2018,1 kWh,kWh,189.0,163.8,151.725,139.125,137.025,138.95,161.0,76.65,0.175,0.0,0.0,0.0,0.0,0.0,0.0,0.0,0.0,58.1,158.025,153.3,155.575,144.375,144.025,133.875
0067880031 OLD STURBRIDGE INC,10/1/2018,1 kWh,kWh,124.775,124.425,123.375,120.05,126.525,130.9,140.7,107.975,1.05,0.875,28.35,44.625,26.25,6.825,2.275,22.4,133.35,152.25,162.05,153.475,147.7,142.975,155.225,148.575
0067880031 OLD STURBRIDGE INC,10/2/2018,1 kWh,kWh,152.425,153.475,150.5,143.85,150.15,154.875,157.5,159.6,136.5,117.25,27.125,8.4,21.525,26.075,82.6,113.575,158.725,162.05,159.425,151.2,142.625,149.1,150.675,145.075
0067880031 OLD STURBRIDGE INC,10/3/2018,1 kWh,kWh,143.325,150.325,147.35,144.9,154.0,153.3,172.9,159.95,73.675,1.75,0.0,0.0,11.025,23.45,5.775,46.9,112.7,137.9,180.425,173.425,169.925,171.675,150.85,148.4
0067880031 OLD STURBRIDGE INC,10/4/2018,1 kWh,kWh,147.175,142.45,140.175,145.775,149.275,166.6,198.625,177.275,120.05,27.65,0.0,0.0,0.0,0.0,1.575,75.075,157.325,151.2,229.95,243.25,221.025,187.95,183.4,159.075
0067880031 OLD STURBRIDGE INC,10/5/2018,1 kWh,kWh,152.95,154.35,155.225,153.65,149.45,155.925,176.575,100.275,0.0,0.175,0.0,0.0,0.0,0.0,0.0,0.0,0.0,110.425,225.4,238.35,220.85,199.5,170.45,155.225
0067880031 OLD STURBRIDGE INC,10/6/2018,1 kWh,kWh,134.4,139.825,125.825,130.9,127.05,138.075,145.775,138.95,78.75,14.525,0.0,0.0,0.0,0.0,0.525,28.0,106.925,159.775,210.525,240.975,224.0,219.8,208.95,196.35
0067880031 OLD STURBRIDGE INC,10/7/2018,1 kWh,kWh,177.45,176.75,143.675,143.85,151.025,149.275,183.05,161.0,99.05,38.15,0.875,0.0,0.0,0.0,0.35,54.95,96.95,205.1,244.125,238.0,235.025,222.075,206.675,180.775
0067880031 OLD STURBRIDGE INC,10/8/2018,1 kWh,kWh,149.45,148.75,151.9,145.425,140.35,153.125,165.2,157.5,151.55,140.525,107.8,95.375,71.05,60.375,50.05,139.65,143.325,159.6,147.35,140.35,136.675,148.225,137.9,144.2
0067880031 OLD STURBRIDGE INC,10/9/2018,1 kWh,kWh,135.45,136.85,148.05,136.15,141.4,155.4,151.725,163.625,75.6,15.575,1.225,1.75,0.0,0.0,0.0,0.0,20.825,120.575,167.475,163.45,155.75,145.25,154.525,151.2
0067880031 OLD STURBRIDGE INC,10/10/2018,1 kWh,kWh,140.175,148.575,148.75,142.975,151.025,153.3,176.75,149.45,34.65,11.2,0.0,0.0,0.35,0.175,1.925,9.8,20.825,181.125,246.575,222.95,210.175,190.05,175.875,165.375
0067880031 OLD STURBRIDGE INC,10/11/2018,1 kWh,kWh,160.65,162.4,157.675,153.825,164.325,169.925,180.075,191.275,158.9,138.425,63.7,12.6,57.05,172.725,275.625,229.775,205.975,207.375,195.825,201.6,210.0,168.7,159.425,158.2
0067880031 OLD STURBRIDGE INC,10/12/2018,1 kWh,kWh,160.65,148.05,150.5,155.225,161.7,164.325,199.85,204.4,219.975,221.9,55.475,0.0,0.0,0.0,0.0,0.0,0.175,138.425,208.6,204.75,190.225,184.625,185.325,134.225
0067880031 OLD STURBRIDGE INC,10/13/2018,1 kWh,kWh,133.0,134.05,133.175,133.7,125.475,127.4,150.85,146.125,131.6,123.9,72.625,33.25,1.225,2.1,18.375,0.0,64.4,127.225,209.3,208.95,207.725,215.775,218.05,199.675
0067880031 OLD STURBRIDGE INC,10/14/2018,1 kWh,kWh,197.75,168.875,166.425,160.65,154.0,173.6,188.825,149.625,44.8,1.75,0.0,0.0,0.0,0.0,0.0,0.875,21.175,146.475,171.85,163.975,167.125,161.875,156.975,155.575
0067880031 OLD STURBRIDGE INC,10/15/2018,1 kWh,kWh,158.2,179.9,146.825,154.7,175.35,194.6,191.45,191.8,156.625,104.825,107.275,58.45,75.425,21.0,4.375,67.2,139.825,137.55,133.0,123.9,126.525,122.85,127.05,127.75
0067880031 OLD STURBRIDGE INC,10/16/2018,1 kWh,kWh,126.7,133.525,136.15,145.25,149.1,159.425,176.225,142.45,0.0,0.0,0.0,0.0,0.0,0.0,0.0,0.0,2.45,111.125,144.9,150.675,172.375,173.25,166.95,156.625
0067880031 OLD STURBRIDGE INC,10/17/2018,1 kWh,kWh,169.925,188.65,179.9,179.375,189.175,205.8,213.325,157.15,0.35,0.525,0.0,0.0,0.0,0.7,44.45,113.925,82.6,204.05,184.45,190.4,193.725,186.2,192.325,176.75
0067880031 OLD STURBRIDGE INC,10/18/2018,1 kWh,kWh,195.825,203.7,192.85,212.975,209.825,238.175,254.625,195.3,1.925,0.0,0.0,0.0,0.0,0.0,0.0,0.0,4.375,197.575,265.65,287.525,251.3,257.6,239.575,213.15
0067880031 OLD STURBRIDGE INC,10/19/2018,1 kWh,kWh,203.7,236.25,224.35,215.25,234.5,261.975,274.05,206.5,63.875,0.0,0.0,0.0,0.0,0.0,0.0,0.0,23.45,154.35,198.1,204.925,194.6,194.6,206.85,174.3
0067880031 OLD STURBRIDGE INC,10/20/2018,1 kWh,kWh,175.175,176.4,178.675,161.35,172.725,166.25,183.05,185.15,146.3,27.65,86.8,9.975,36.05,51.625,106.225,25.025,80.325,183.925,216.125,210.175,229.6,242.2,215.425,201.425
0067880031 OLD STURBRIDGE INC,10/21/2018,1 kWh,kWh,193.025,181.3,170.625,184.275,186.725,172.025,192.325,190.4,154.7,41.825,8.925,1.4,0.875,0.0,0.0,0.0,22.225,223.3,249.9,238.35,282.625,261.625,279.3,280.7
0067880031 OLD STURBRIDGE INC,10/22/2018,1 kWh,kWh,220.85,247.275,261.275,261.45,279.825,271.425,293.825,235.2,1.925,0.0,0.0,0.0,2.8,0.0,0.0,7.525,83.125,205.275,232.225,219.275,222.775,233.8,211.4,224.175
0067880031 OLD STURBRIDGE INC,10/23/2018,1 kWh,kWh,235.55,226.1,246.225,251.475,224.7,233.45,252.7,218.05,107.275,2.1,39.55,37.8,29.225,10.675,27.475,59.325,116.375,154.175,168.0,178.15,167.65,181.3,199.5,181.3
0067880031 OLD STURBRIDGE INC,10/24/2018,1 kWh,kWh,193.9,190.575,176.4,189.175,213.675,192.675,227.15,186.025,150.15,31.675,113.75,28.175,18.9,10.325,8.575,14.175,50.575,196.7,209.825,210.525,220.85,237.475,231.525,217.0
0067880031 OLD STURBRIDGE INC,10/25/2018,1 kWh,kWh,222.425,229.6,226.45,231.525,253.575,245.875,264.6,276.675,193.55,45.5,9.275,2.8,3.5,0.0,8.575,17.5,144.375,236.075,277.55,261.975,243.25,228.375,267.4,238.175
0067880031 OLD STURBRIDGE INC,10/26/2018,1 kWh,kWh,241.675,273.0,261.1,257.95,273.35,273.0,319.025,264.775,187.425,170.275,85.75,0.0,8.75,4.55,5.425,29.4,89.425,252.875,340.9,305.9,290.15,327.6,262.5,254.625
0067880031 OLD STURBRIDGE INC,10/27/2018,1 kWh,kWh,265.65,248.85,242.725,267.05,254.275,252.7,266.175,287.175,282.625,267.225,291.025,259.525,200.025,182.875,220.15,222.6,289.8,312.375,281.05,264.25,288.925,278.25,278.25,280.0
0067880031 OLD STURBRIDGE INC,10/28/2018,1 kWh,kWh,244.3,251.65,218.4,248.5,228.375,233.275,260.925,260.225,196.875,146.475,49.35,28.525,3.325,62.125,81.725,226.975,179.725,217.525,259.875,244.125,234.85,223.475,211.75,251.125
0067880031 OLD STURBRIDGE INC,10/29/2018,1 kWh,kWh,218.925,209.475,213.325,213.325,234.675,225.225,238.525,221.9,216.3,72.625,108.675,1.575,20.65,18.025,9.45,35.525,78.75,191.975,204.4,209.475,219.45,230.475,193.9,219.975
0067880031 OLD STURBRIDGE INC,10/31/2018,1 kWh,kWh,,264.95,282.625,252.875,296.8,304.675,293.65,319.725,69.125,1.575,47.95,18.2,2.1,0.0,0.0,0.175,18.025,169.575,194.775,206.85,197.575,189.175,185.675,175.7
0067880031 OLD STURBRIDGE INC,11/1/2018,1 kWh,kWh,180.25,180.6,164.15,179.9,205.625,201.6,229.075,214.9,141.05,207.55,169.4,108.85,0.0,36.05,1.05,54.425,147.0,180.6,195.125,186.025,185.675,166.775,158.9,169.4
0067880031 OLD STURBRIDGE INC,11/2/2018,1 kWh,kWh,162.4,154.7,153.65,153.125,149.625,163.625,187.425,180.075,216.825,242.2,223.3,161.0,173.775,133.875,214.375,207.55,204.575,223.3,240.625,232.575,230.125,222.6,194.075,174.125
0067880031 OLD STURBRIDGE INC,11/3/2018,1 kWh,kWh,178.325,170.625,158.2,159.075,146.825,158.725,179.025,163.625,205.975,195.825,133.175,93.975,51.8,29.4,56.7,26.775,107.8,244.475,268.45,292.775,285.075,258.125,271.25,254.975
0067880031 OLD STURBRIDGE INC,11/4/2018,1 kWh,kWh,254.975,231.0,235.025,250.075,223.65,215.6,228.2,47.95,0.0,0.0,0.0,0.0,0.0,0.0,0.0,81.725,258.65,229.075,238.875,256.9,289.275,252.35,240.975,283.5
0067880031 OLD STURBRIDGE INC,11/5/2018,1 kWh,kWh,250.075,234.5,274.225,241.325,265.475,276.85,258.825,245.525,199.5,186.025,220.325,92.4,122.15,117.25,91.0,170.45,220.85,237.3,222.425,227.5,212.975,201.25,212.8,210.175
0067880031 OLD STURBRIDGE INC,11/6/2018,1 kWh,kWh,222.775,211.925,211.575,219.625,203.35,215.425,241.15,187.425,123.025,57.4,84.175,226.625,205.275,189.7,187.775,187.6,206.675,192.85,194.95,183.225,186.725,178.5,163.45,162.925
0067880031 OLD STURBRIDGE INC,11/7/2018,1 kWh,kWh,174.65,169.925,180.95,177.1,201.425,184.1,195.475,28.35,0.0,0.0,0.0,0.0,0.0,0.0,0.0,66.85,158.9,163.1,161.525,150.325,172.725,159.25,167.825,158.025
0067880031 OLD STURBRIDGE INC,11/8/2018,1 kWh,kWh,195.65,185.85,194.075,200.2,224.0,259.875,258.475,160.125,46.375,0.0,0.0,0.0,0.0,0.0,0.0,99.225,235.55,256.375,247.975,250.425,266.0,255.15,240.625,249.375
0067880031 OLD STURBRIDGE INC,11/9/2018,1 kWh,kWh,249.375,254.1,306.075,262.5,260.225,306.075,279.475,86.975,0.0,0.175,67.725,169.05,110.775,105.175,223.825,275.45,275.1,275.45,297.85,289.275,303.45,280.7,268.625,247.625
0067880031 OLD STURBRIDGE INC,11/10/2018,1 kWh,kWh,236.425,217.525,239.05,219.1,223.3,220.5,255.5,163.975,31.85,107.625,113.225,93.975,27.3,42.175,21.525,187.95,299.6,320.775,305.2,286.125,300.475,310.8,296.1,309.05
0067880031 OLD STURBRIDGE INC,11/11/2018,1 kWh,kWh,288.05,289.45,288.05,301.7,272.475,312.55,323.575,101.5,4.9,6.3,1.575,0.175,0.0,0.0,0.0,182.525,287.0,335.125,298.375,338.8,332.675,327.775,291.2,324.975
0067880031 OLD STURBRIDGE INC,11/12/2018,1 kWh,kWh,296.975,297.675,331.625,293.65,331.275,310.8,334.425,141.75,0.0,0.0,0.0,0.0,0.0,0.0,3.15,138.075,258.3,243.25,248.5,253.75,261.975,251.125,259.0,269.85
0067880031 OLD STURBRIDGE INC,11/13/2018,1 kWh,kWh,280.7,246.4,262.15,246.925,292.6,261.8,255.325,239.4,231.175,222.775,169.4,105.175,112.0,133.7,194.425,206.675,256.725,232.75,242.725,236.425,256.725,248.15,253.925,269.325
0067880031 OLD STURBRIDGE INC,11/14/2018,1 kWh,kWh,270.2,277.9,299.775,266.35,273.7,330.575,311.5,261.1,130.725,102.025,4.375,4.55,0.875,7.525,68.6,212.1,352.45,322.175,326.025,313.6,309.925,346.325,315.175,338.8
0067880031 OLD STURBRIDGE INC,11/15/2018,1 kWh,kWh,333.025,322.35,364.0,330.05,357.875,340.9,381.5,323.4,188.825,158.55,121.45,7.35,154.7,278.6,319.025,346.85,397.95,391.3,380.625,395.5,380.625,379.225,341.075,345.625
0067880031 OLD STURBRIDGE INC,11/16/2018,1 kWh,kWh,329.875,364.0,331.45,320.425,321.3,308.0,319.9,326.55,358.05,399.0,359.8,358.75,218.225,283.15,276.15,341.6,388.325,353.675,354.025,361.9,347.2,333.2,338.625,335.65
0067880031 OLD STURBRIDGE INC,11/17/2018,1 kWh,kWh,322.0,292.25,295.225,286.3,279.65,286.125,309.75,292.95,233.625,182.175,84.875,74.55,157.675,205.1,210.7,293.475,332.5,328.3,347.2,348.075,305.725,311.85,344.4,312.2
0067880031 OLD STURBRIDGE INC,11/18/2018,1 kWh,kWh,298.725,286.475,317.625,292.6,299.6,324.45,333.375,225.4,29.575,8.05,3.325,14.875,86.975,81.2,58.275,259.175,321.125,303.45,273.875,280.35,283.5,279.3,280.35,304.85
0067880031 OLD STURBRIDGE INC,11/19/2018,1 kWh,kWh,266.875,267.05,274.75,309.75,267.4,291.725,330.05,311.5,270.025,282.975,263.2,193.9,211.05,185.15,182.175,289.1,309.225,268.1,256.725,281.05,261.975,270.2,269.325,279.125
0067880031 OLD STURBRIDGE INC,11/20/2018,1 kWh,kWh,273.7,260.4,290.85,303.1,277.55,275.45,296.625,296.8,290.85,305.375,323.575,294.875,243.6,264.6,273.7,329.7,307.475,276.15,298.725,284.375,282.8,294.525,280.7,288.925
0067880031 OLD STURBRIDGE INC,11/21/2018,1 kWh,kWh,328.125,309.575,316.05,339.5,304.325,326.725,357.0,221.375,19.075,30.8,172.9,37.8,0.0,6.125,7.0,228.025,314.825,308.875,305.725,326.375,332.85,332.675,358.925,343.7
0067880031 OLD STURBRIDGE INC,11/22/2018,1 kWh,kWh,385.175,350.7,391.65,375.55,399.0,408.45,417.725,343.525,29.575,0.0,0.0,0.35,1.575,0.0,24.15,407.575,506.625,495.425,504.875,466.025,453.25,410.025,442.75,407.225
0067880031 OLD STURBRIDGE INC,11/23/2018,1 kWh,kWh,435.75,409.5,444.85,401.975,444.325,420.7,457.45,331.975,15.925,0.0,0.0,0.0,0.0,0.0,14.175,334.075,427.525,384.125,375.9,400.925,360.5,367.5,397.95,365.05
0067880031 OLD STURBRIDGE INC,11/24/2018,1 kWh,kWh,404.075,371.875,372.575,383.775,395.15,363.825,373.975,339.675,77.35,0.175,47.075,56.175,29.225,68.95,313.6,340.9,372.75,369.25,367.85,410.025,375.2,347.2,318.5,305.55
0067880031 OLD STURBRIDGE INC,11/25/2018,1 kWh,kWh,301.35,286.125,302.75,295.575,286.65,294.7,302.575,293.3,305.9,237.825,96.425,6.825,96.25,113.925,142.975,252.35,296.8,291.9,261.45,261.275,268.8,297.15,262.675,259.175
0067880031 OLD STURBRIDGE INC,11/26/2018,1 kWh,kWh,285.25,301.0,266.35,270.375,279.825,301.7,286.125,262.85,251.125,205.1,216.125,226.8,207.2,217.875,253.925,271.775,279.125,274.225,274.75,260.75,269.325,282.1,273.0,273.525
0067880031 OLD STURBRIDGE INC,11/27/2018,1 kWh,kWh,269.15,295.05,250.075,255.5,259.525,290.15,267.225,247.45,229.775,121.275,48.65,96.425,34.3,75.6,189.175,286.65,334.425,293.3,274.4,305.9,278.425,304.15,295.225,302.75
0067880031 OLD STURBRIDGE INC,11/28/2018,1 kWh,kWh,287.7,306.075,315.175,296.1,296.45,340.2,344.575,315.875,120.4,6.825,0.0,40.425,26.775,11.9,68.6,201.775,313.075,277.9,325.15,316.925,299.95,286.65,309.925,292.6
0067880031 OLD STURBRIDGE INC,11/29/2018,1 kWh,kWh,306.95,325.325,298.2,286.125,308.7,299.25,309.75,292.775,64.925,37.1,59.85,128.975,73.15,121.8,187.775,271.6,356.825,343.0,323.05,334.425,306.6,310.625,306.95,321.475
0067880031 OLD STURBRIDGE INC,11/30/2018,1 kWh,kWh,305.375,320.25,323.575,308.7,350.875,317.275,323.225,304.675,21.0,0.0,15.575,128.45,158.2,215.6,269.85,381.85,444.325,407.225,410.375,404.775,396.55,340.55,359.8,334.075
0067880031 OLD STURBRIDGE INC,12/1/2018,1 kWh,kWh,327.25,346.325,321.65,327.6,363.65,327.95,371.175,316.05,93.1,0.0,0.0,0.0,0.0,0.0,40.95,314.825,408.275,442.4,480.9,411.6,425.95,373.625,329.175,320.075
0067880031 OLD STURBRIDGE INC,12/2/2018,1 kWh,kWh,307.125,331.45,298.9,303.975,286.3,321.125,310.625,303.1,353.5,310.8,239.225,198.275,183.925,211.575,285.775,331.975,357.175,331.275,355.25,305.725,274.4,286.3,234.5,246.225
0067880031 OLD STURBRIDGE INC,12/3/2018,1 kWh,kWh,242.55,234.675,246.925,235.55,233.275,226.975,244.825,217.175,16.1,0.0,0.525,125.3,133.7,69.65,64.925,183.05,225.75,254.625,225.925,234.15,221.725,266.7,256.025,242.375
0067880031 OLD STURBRIDGE INC,12/4/2018,1 kWh,kWh,257.6,289.8,269.325,266.7,299.95,290.325,293.125,275.45,55.65,0.0,0.0,0.0,0.0,0.0,3.5,225.225,316.575,318.325,321.125,314.825,315.0,337.575,333.725,337.75
0067880031 OLD STURBRIDGE INC,12/5/2018,1 kWh,kWh,352.8,344.05,356.3,359.625,352.625,401.45,378.525,379.925,76.825,0.0,0.0,0.0,9.45,23.625,108.675,288.75,344.225,341.95,324.1,333.025,309.75,351.575,324.975,311.675
0067880031 OLD STURBRIDGE INC,12/7/2018,1 kWh,kWh,,,325.15,330.225,310.975,317.975,345.45,316.05,130.375,0.0,0.0,0.0,0.0,0.0,38.85,405.65,474.95,517.475,503.125,490.7,517.475,424.025,426.3,457.8
0067880031 OLD STURBRIDGE INC,12/8/2018,1 kWh,kWh,376.25,427.7,413.0,372.4,436.8,399.7,402.5,385.875,187.775,0.175,0.0,0.0,0.0,0.0,75.25,440.475,513.975,531.125,568.4,547.75,502.075,483.0,466.9,436.45
0067880031 OLD STURBRIDGE INC,12/9/2018,1 kWh,kWh,441.0,389.55,444.675,415.275,427.175,431.725,435.225,422.1,212.8,84.525,0.0,4.55,17.85,1.75,199.675,407.925,504.35,510.3,510.3,516.775,471.1,428.75,408.45,391.825
0067880031 OLD STURBRIDGE INC,12/10/2018,1 kWh,kWh,377.475,376.775,400.225,379.225,387.975,438.55,412.825,373.625,119.175,0.0,0.0,0.0,0.0,0.0,15.225,285.6,341.95,349.825,383.075,351.4,387.1,362.6,379.925,393.05
0067880031 OLD STURBRIDGE INC,12/11/2018,1 kWh,kWh,380.625,400.4,397.25,424.2,403.2,426.475,418.6,395.325,102.2,0.0,0.0,0.0,0.0,0.0,29.925,267.05,374.675,384.125,341.775,381.5,365.225,356.3,383.075,359.8
0067880031 OLD STURBRIDGE INC,12/12/2018,1 kWh,kWh,371.875,359.8,364.7,366.8,374.675,377.475,402.15,388.325,103.95,0.0,0.7,90.125,14.35,23.45,29.575,298.2,370.475,335.475,378.175,337.75,366.625,357.0,368.9,392.175
0067880031 OLD STURBRIDGE INC,12/13/2018,1 kWh,kWh,369.075,404.425,376.95,389.2,389.2,396.725,414.575,384.125,261.625,102.375,75.775,128.625,148.575,236.775,359.275,387.1,420.0,394.1,389.55,381.15,353.85,354.9,342.825,346.675
0067880031 OLD STURBRIDGE INC,12/14/2018,1 kWh,kWh,343.35,313.95,324.975,353.675,320.425,334.775,372.4,339.15,222.6,0.0,0.0,0.0,73.675,159.25,179.9,335.3,442.575,393.4,409.675,400.575,401.975,318.325,288.75,268.45
0067880031 OLD STURBRIDGE INC,12/15/2018,1 kWh,kWh,274.4,250.25,247.45,258.65,260.225,261.45,257.775,259.175,228.025,164.15,7.0,1.4,13.825,121.625,225.575,290.15,365.225,374.85,394.8,379.925,364.35,329.175,319.55,300.65
0067880031 OLD STURBRIDGE INC,12/16/2018,1 kWh,kWh,283.85,271.775,317.1,297.675,301.35,319.375,277.55,291.025,323.575,233.1,125.475,151.725,124.775,195.475,312.025,358.225,362.775,440.3,431.9,386.225,365.925,340.9,308.35,291.025
0067880031 OLD STURBRIDGE INC,12/17/2018,1 kWh,kWh,307.825,303.8,296.45,297.675,284.9,309.4,334.075,301.7,236.95,121.625,72.975,34.65,106.4,224.875,215.25,259.175,317.275,298.55,286.3,321.125,274.925,303.625,303.1,306.075
0067880031 OLD STURBRIDGE INC,12/18/2018,1 kWh,kWh,296.275,341.075,332.325,363.65,362.25,384.125,418.075,358.925,164.675,32.2,0.525,0.0,0.0,0.0,23.1,343.0,390.25,410.2,393.4,398.3,435.05,387.275,376.075,414.05
0067880031 OLD STURBRIDGE INC,12/19/2018,1 kWh,kWh,375.025,378.0,411.6,371.175,411.775,404.075,417.375,423.675,124.95,0.0,0.0,0.0,0.0,0.35,29.575,250.25,336.525,337.925,352.275,349.125,313.6,358.225,352.1,372.925
0067880031 OLD STURBRIDGE INC,12/20/2018,1 kWh,kWh,355.775,349.825,362.25,358.75,358.225,389.375,368.375,376.775,156.975,0.0,0.0,0.0,0.0,1.925,189.875,369.95,419.475,419.125,423.85,416.675,379.05,363.65,342.3,301.7
0067880031 OLD STURBRIDGE INC,12/21/2018,1 kWh,kWh,291.2,299.6,269.675,253.05,270.375,239.75,244.825,240.625,261.45,244.825,232.75,194.775,227.85,263.55,277.025,279.825,281.4,286.825,296.45,279.475,252.175,203.35,202.475,173.075
0067880031 OLD STURBRIDGE INC,12/22/2018,1 kWh,kWh,174.3,172.9,170.45,183.05,179.55,176.75,183.4,173.95,144.2,194.775,124.075,41.3,0.7,68.425,175.875,316.225,400.4,429.975,443.975,412.825,407.05,354.725,298.375,323.05
0067880031 OLD STURBRIDGE INC,12/23/2018,1 kWh,kWh,312.55,303.625,348.25,314.3,292.775,359.275,329.35,348.075,131.95,0.0,0.0,0.0,0.0,0.0,33.775,347.725,473.025,467.25,459.025,426.65,400.05,359.8,310.45,353.325
0067880031 OLD STURBRIDGE INC,12/24/2018,1 kWh,kWh,311.5,310.975,331.625,305.375,315.35,324.625,296.1,308.525,131.775,78.925,209.125,210.35,101.5,15.05,128.275,164.15,292.075,323.225,321.825,313.6,299.95,324.1,312.725,295.925
0067880031 OLD STURBRIDGE INC,12/25/2018,1 kWh,kWh,326.55,293.825,289.8,306.6,306.95,292.425,328.65,276.85,74.2,20.65,0.0,0.0,0.0,0.0,1.75,211.05,296.975,338.625,326.725,343.175,345.625,332.675,363.65,351.225
0067880031 OLD STURBRIDGE INC,12/26/2018,1 kWh,kWh,338.625,368.9,360.5,355.075,370.65,367.5,390.775,338.275,119.35,0.0,0.0,0.0,0.0,1.575,83.825,263.55,337.4,327.95,333.9,345.8,328.3,328.125,347.9,319.55
0067880031 OLD STURBRIDGE INC,12/27/2018,1 kWh,kWh,299.075,306.95,344.75,308.35,316.75,328.475,338.275,337.05,133.175,0.0,0.0,0.0,0.0,0.0,106.925,284.9,362.075,375.725,340.9,341.95,334.6,318.85,325.85,336.0
0067880031 OLD STURBRIDGE INC,12/28/2018,1 kWh,kWh,337.925,301.875,325.675,312.375,297.85,324.1,327.95,310.8,387.1,337.05,293.825,319.55,312.55,291.025,261.8,302.925,308.175,311.325,289.45,288.925,278.25,281.225,260.925,217.525
0067880031 OLD STURBRIDGE INC,12/29/2018,1 kWh,kWh,223.825,202.65,217.175,214.2,214.55,208.6,225.575,201.075,58.275,0.0,0.0,0.875,33.95,76.125,3.85,180.075,297.5,294.7,313.6,308.35,316.75,316.575,302.225,310.1
0067880031 OLD STURBRIDGE INC,12/30/2018,1 kWh,kWh,293.65,306.95,316.75,313.075,313.075,339.675,362.425,347.9,275.275,108.5,0.0,0.0,0.0,0.0,3.325,280.875,351.4,320.075,321.475,337.05,328.3,322.525,312.9,323.225
0067880031 OLD STURBRIDGE INC,12/31/2018,1 kWh,kWh,338.1,324.625,330.925,332.15,342.3,343.0,347.725,341.95,148.925,107.1,3.15,78.925,163.975,192.85,220.325,292.425,320.425,327.95,334.775,323.225,350.175,355.425,331.1,309.75
0067880031 OLD STURBRIDGE INC,1/1/2019,1 kWh,kWh,329.875,280.0,268.8,263.025,259.875,255.85,247.45,225.75,217.35,88.9,40.425,2.1,0.0,8.75,17.15,142.975,238.0,265.3,243.075,260.4,257.775,287.875,281.575,285.075
0067880031 OLD STURBRIDGE INC,1/2/2019,1 kWh,kWh,277.9,284.375,317.8,303.975,323.575,330.575,338.625,348.775,131.775,0.0,0.0,0.0,0.0,0.0,24.5,229.775,327.775,318.15,330.925,349.65,341.425,334.425,341.775,341.775
0067880031 OLD STURBRIDGE INC,1/3/2019,1 kWh,kWh,333.2,328.3,330.4,317.8,310.975,326.2,315.7,328.825,256.725,99.05,5.6,6.825,13.825,81.375,207.025,224.7,305.025,280.875,280.875,276.675,267.575,286.125,286.125,291.025
0067880031 OLD STURBRIDGE INC,1/4/2019,1 kWh,kWh,300.65,286.3,284.9,289.45,306.25,307.475,331.275,328.65,114.45,0.0,0.0,0.0,0.0,0.0,36.575,213.5,329.175,333.9,302.05,295.75,305.9,283.85,294.35,290.5
0067880031 OLD STURBRIDGE INC,1/5/2019,1 kWh,kWh,295.575,313.6,285.425,295.225,292.95,298.55,275.625,286.65,303.45,284.2,243.075,254.1,248.675,267.4,297.85,332.675,329.175,340.375,344.925,324.975,330.4,304.85,344.05,313.95
0067880031 OLD STURBRIDGE INC,1/6/2019,1 kWh,kWh,301.35,315.175,301.35,311.325,302.75,311.85,307.475,282.275,314.825,296.1,42.0,58.625,8.225,52.15,195.3,246.925,292.425,317.275,320.425,317.1,320.6,331.975,348.425,351.4
0067880031 OLD STURBRIDGE INC,1/7/2019,1 kWh,kWh,361.025,364.875,372.575,378.7,381.15,402.5,403.9,376.425,97.3,0.0,0.0,0.0,0.0,0.0,7.525,258.825,356.825,361.375,366.975,374.325,355.775,372.05,358.75,357.7
0067880031 OLD STURBRIDGE INC,1/8/2019,1 kWh,kWh,360.85,351.225,355.95,360.15,341.425,358.4,358.05,359.8,369.6,347.9,336.875,298.375,222.425,256.025,270.9,295.75,301.7,293.475,292.075,287.7,292.95,294.7,290.675,297.325
0067880031 OLD STURBRIDGE INC,1/9/2019,1 kWh,kWh,283.85,294.0,288.925,294.0,287.175,291.725,287.35,267.05,168.7,21.0,91.0,100.275,68.425,32.725,93.1,170.275,308.175,298.725,302.925,292.25,292.075,305.025,309.225,310.625
0067880031 OLD STURBRIDGE INC,1/10/2019,1 kWh,kWh,302.75,313.6,314.125,303.45,322.175,321.125,332.5,328.3,176.575,125.475,91.875,77.0,81.025,12.075,58.275,231.875,367.5,323.225,357.525,365.575,350.0,369.775,373.45,363.3
0067880031 OLD STURBRIDGE INC,1/11/2019,1 kWh,kWh,365.925,366.975,363.475,359.975,381.675,378.7,402.325,394.625,112.875,0.0,0.0,0.875,0.0,6.3,128.975,320.425,431.55,457.45,456.575,468.65,432.075,443.1,433.125,412.825
0067880031 OLD STURBRIDGE INC,1/12/2019,1 kWh,kWh,412.125,406.875,412.65,415.975,408.975,420.0,417.9,417.725,189.7,7.0,2.275,0.0,0.0,0.0,0.0,269.15,426.125,401.45,416.5,403.025,397.425,388.325,397.25,392.525
0067880031 OLD STURBRIDGE INC,1/13/2019,1 kWh,kWh,390.95,397.425,386.225,394.45,405.125,399.35,430.15,415.275,301.875,26.95,0.0,0.0,0.0,0.0,6.825,187.25,385.875,380.275,377.825,391.125,378.0,396.9,388.325,407.75
0067880031 OLD STURBRIDGE INC,1/14/2019,1 kWh,kWh,392.0,394.8,391.65,397.075,389.9,397.25,413.175,382.55,274.75,85.4,0.0,0.0,0.525,0.0,0.0,153.475,355.425,365.75,361.55,369.425,361.9,375.025,368.2,379.225
0067880031 OLD STURBRIDGE INC,1/15/2019,1 kWh,kWh,383.775,376.95,396.2,385.7,391.65,396.55,396.55,345.45,72.1,4.025,0.0,0.0,0.0,0.0,22.75,133.175,321.125,357.0,358.225,373.45,370.65,393.4,373.975,382.9
0067880031 OLD STURBRIDGE INC,1/16/2019,1 kWh,kWh,364.875,385.175,375.55,380.1,391.125,382.9,411.95,375.375,126.875,66.5,82.6,0.175,42.175,139.475,221.725,210.0,329.175,329.525,326.9,317.975,331.625,336.525,330.75,345.1
0067880031 OLD STURBRIDGE INC,1/17/2019,1 kWh,kWh,347.725,355.6,361.9,379.4,370.475,394.45,398.825,393.225,205.275,7.35,0.0,0.0,0.0,0.0,5.775,170.275,369.075,376.6,383.775,385.0,365.225,377.475,354.025,381.5
0067880031 OLD STURBRIDGE INC,1/18/2019,1 kWh,kWh,363.825,375.55,375.55,362.075,369.95,383.25,403.55,383.25,335.475,230.3,89.25,31.15,63.7,226.45,249.725,273.35,348.425,330.4,309.75,311.85,293.3,312.55,324.625,326.2
0067880031 OLD STURBRIDGE INC,1/19/2019,1 kWh,kWh,345.1,361.725,371.175,378.175,362.95,375.025,400.05,387.975,142.1,18.725,0.0,54.775,6.65,107.1,279.475,356.475,393.05,394.8,404.95,403.9,389.9,401.275,383.775,374.5
0067880031 OLD STURBRIDGE INC,1/20/2019,1 kWh,kWh,368.375,356.3,356.475,336.175,338.8,340.9,340.55,335.65,359.1,354.025,354.2,359.1,332.5,340.9,345.45,332.325,346.5,373.1,378.0,378.7,393.225,381.675,397.25,399.875
0067880031 OLD STURBRIDGE INC,1/21/2019,1 kWh,kWh,410.55,417.025,418.075,436.625,459.025,441.0,481.95,442.4,462.525,460.95,449.225,458.85,442.225,466.9,452.025,481.6,460.425,468.65,459.9,461.125,450.275,465.675,454.475,466.025
0067880031 OLD STURBRIDGE INC,1/22/2019,1 kWh,kWh,445.725,467.775,452.025,463.925,467.95,488.95,472.15,481.6,464.275,462.7,443.275,434.875,401.1,378.0,374.15,409.15,428.575,398.3,394.1,395.675,397.425,397.775,401.275,396.55
0067880031 OLD STURBRIDGE INC,1/23/2019,1 kWh,kWh,411.25,411.075,407.05,412.475,408.45,423.325,438.9,433.825,416.85,417.2,386.225,369.775,287.875,284.725,331.975,361.025,373.625,361.2,355.95,352.1,348.075,334.25,331.275,326.2
0067880031 OLD STURBRIDGE INC,1/24/2019,1 kWh,kWh,311.85,294.7,317.275,299.25,296.1,302.75,318.15,300.475,262.5,256.2,231.175,253.575,246.05,257.425,284.725,258.475,276.15,245.35,265.65,265.3,292.075,287.175,304.325,325.15
0067880031 OLD STURBRIDGE INC,1/25/2019,1 kWh,kWh,308.7,326.375,329.0,324.975,327.25,323.75,353.5,350.0,201.075,0.0,25.9,11.55,60.025,119.175,59.325,151.9,308.35,342.825,327.95,341.775,349.475,359.975,363.65,359.275
0067880031 OLD STURBRIDGE INC,1/26/2019,1 kWh,kWh,362.6,371.525,380.975,382.725,391.825,397.95,409.85,389.2,75.25,0.0,0.0,9.975,0.0,3.15,9.45,108.325,385.35,432.775,429.625,431.375,423.325,431.725,407.75,403.375
0067880031 OLD STURBRIDGE INC,1/27/2019,1 kWh,kWh,390.95,389.2,402.5,396.55,393.225,406.875,418.775,333.2,199.5,223.125,26.25,15.225,122.85,26.775,7.525,160.475,301.525,331.8,310.625,304.675,315.875,304.85,319.025,323.575
0067880031 OLD STURBRIDGE INC,1/28/2019,1 kWh,kWh,321.825,335.125,338.1,350.7,360.325,391.475,394.1,355.425,213.675,5.775,0.0,0.0,0.0,0.0,8.575,132.125,311.15,366.975,381.15,367.675,368.2,388.325,390.25,404.6
0067880031 OLD STURBRIDGE INC,1/29/2019,1 kWh,kWh,382.375,400.05,405.3,404.6,408.45,426.475,422.975,362.425,292.25,246.575,221.375,208.075,207.025,158.9,260.75,327.075,383.6,364.0,350.525,343.0,335.3,337.05,332.15,335.3
0067880031 OLD STURBRIDGE INC,1/31/2019,1 kWh,kWh,443.8,442.05,450.45,464.45,460.775,470.4,498.05,508.025,491.925,464.8,459.2,447.125,461.475,458.15,481.775,490.875,518.525,493.85,477.925,454.65,466.2,459.55,443.275,441.35
0067880031 OLD STURBRIDGE INC,2/1/2019,1 kWh,kWh,442.05,450.275,450.275,454.125,450.45,464.45,493.5,500.325,476.875,471.1,459.2,463.575,493.15,496.3,482.825,495.775,499.975,465.325,454.3,450.975,439.6,446.075,460.95,459.2
0067880031 OLD STURBRIDGE INC,2/2/2019,1 kWh,kWh,464.8,465.325,463.4,465.675,464.1,476.35,484.575,505.75,513.1,495.775,491.75,473.725,464.1,458.85,490.875,491.575,445.725,417.025,425.6,420.35,401.975,400.925,401.45,380.625
0067880031 OLD STURBRIDGE INC,2/3/2019,1 kWh,kWh,371.175,379.75,365.4,369.6,373.625,372.225,379.75,405.475,404.075,444.5,456.925,431.025,425.95,405.65,199.85,129.675,302.05,357.525,350.175,340.55,340.2,349.65,339.85,345.1
0067880031 OLD STURBRIDGE INC,2/4/2019,1 kWh,kWh,339.85,346.15,353.85,344.575,340.9,367.325,359.45,331.8,76.475,0.0,0.0,0.0,0.0,0.0,0.0,3.325,201.6,274.05,282.625,278.075,291.9,294.875,300.825,309.4
0067880031 OLD STURBRIDGE INC,2/5/2019,1 kWh,kWh,322.175,311.15,327.775,323.75,323.75,349.825,339.325,315.35,220.15,93.625,0.35,5.25,0.0,0.0,0.0,1.925,189.525,234.675,224.0,252.175,251.125,273.0,290.5,288.4
0067880031 OLD STURBRIDGE INC,2/6/2019,1 kWh,kWh,275.8,304.5,305.375,314.125,312.9,323.225,336.7,207.2,1.575,0.0,0.0,0.0,0.0,0.0,0.0,52.675,253.75,290.5,303.625,313.775,312.025,331.1,337.225,336.875
0067880031 OLD STURBRIDGE INC,2/7/2019,1 kWh,kWh,329.0,333.725,329.35,335.3,332.675,345.1,357.0,348.95,240.1,225.575,189.35,164.675,91.7,133.7,226.8,287.35,333.2,326.55,277.2,280.35,289.45,295.05,294.525,288.575
0067880031 OLD STURBRIDGE INC,2/8/2019,1 kWh,kWh,278.25,283.5,286.475,295.925,296.275,286.3,305.375,297.675,259.0,252.7,237.475,152.775,3.85,35.525,18.9,28.7,217.7,302.75,286.825,287.875,285.95,308.525,317.8,333.55
0067880031 OLD STURBRIDGE INC,2/9/2019,1 kWh,kWh,361.9,355.075,350.525,363.125,389.2,379.05,396.725,266.35,14.0,14.875,2.275,0.0,0.0,0.0,0.0,23.625,356.825,435.225,447.3,448.525,441.175,436.8,415.625,414.225
0067880031 OLD STURBRIDGE INC,2/10/2019,1 kWh,kWh,399.525,416.15,407.225,403.9,403.375,415.625,429.625,300.125,31.325,0.0,0.0,0.0,0.0,0.0,1.925,85.75,250.25,366.625,367.325,351.75,362.775,338.975,358.05,359.8
0067880031 OLD STURBRIDGE INC,2/11/2019,1 kWh,kWh,363.65,354.9,357.875,360.325,365.225,381.85,365.75,343.7,269.325,86.1,0.0,0.0,0.0,0.0,0.0,37.8,242.375,336.0,329.875,358.05,365.75,342.125,361.375,372.05
0067880031 OLD STURBRIDGE INC,2/12/2019,1 kWh,kWh,382.375,374.325,393.75,406.525,396.025,416.325,426.125,365.225,277.9,199.85,296.45,345.625,412.825,441.875,448.875,406.175,401.975,405.475,392.875,367.85,378.0,365.225,341.425,345.8
0067880031 OLD STURBRIDGE INC,2/13/2019,1 kWh,kWh,354.9,342.825,325.675,335.475,331.975,331.275,323.925,309.225,343.525,341.25,233.1,168.7,61.95,156.625,267.225,271.95,296.45,309.05,308.35,312.725,336.35,329.525,317.8,328.825
0067880031 OLD STURBRIDGE INC,2/14/2019,1 kWh,kWh,318.85,334.425,355.425,345.625,352.8,342.3,353.5,304.15,62.825,45.15,30.975,8.75,3.15,0.7,0.0,5.775,279.65,370.3,391.825,390.425,378.7,356.65,345.8,357.35
0067880031 OLD STURBRIDGE INC,2/15/2019,1 kWh,kWh,333.9,336.0,354.55,343.35,336.7,358.575,356.475,277.55,249.55,218.925,126.35,212.625,114.975,15.575,187.775,66.85,212.975,270.025,259.7,266.35,267.575,256.9,249.55,274.4
0067880031 OLD STURBRIDGE INC,2/16/2019,1 kWh,kWh,276.15,280.7,280.525,298.375,296.45,313.775,338.1,219.275,0.0,0.0,0.0,0.0,0.0,0.0,0.0,0.0,176.4,305.2,336.35,343.35,352.275,348.075,348.95,364.35
0067880031 OLD STURBRIDGE INC,2/17/2019,1 kWh,kWh,359.8,367.325,359.45,373.45,386.05,393.4,405.3,181.3,0.0,0.0,0.0,0.0,0.0,0.0,0.0,16.625,194.075,319.55,333.9,317.625,337.75,313.075,319.9,334.425
0067880031 OLD STURBRIDGE INC,2/18/2019,1 kWh,kWh,335.65,322.0,333.725,355.25,325.325,351.4,344.925,361.2,356.125,377.825,374.15,358.575,364.7,360.15,351.4,344.05,334.95,336.7,353.325,347.55,358.575,356.475,362.775,374.675
0067880031 OLD STURBRIDGE INC,2/19/2019,1 kWh,kWh,386.4,376.6,396.2,398.475,387.1,400.4,411.6,409.675,412.475,433.475,419.3,399.525,361.2,371.7,374.85,394.625,413.0,391.475,402.675,400.05,388.325,412.3,415.45,421.75
0067880031 OLD STURBRIDGE INC,2/20/2019,1 kWh,kWh,415.275,418.95,427.875,436.625,419.825,432.25,446.6,448.0,444.675,454.65,443.45,448.875,427.175,426.475,421.05,412.3,405.475,381.325,382.725,387.45,371.875,387.975,386.925,365.225
0067880031 OLD STURBRIDGE INC,2/21/2019,1 kWh,kWh,376.95,359.625,367.675,355.95,341.075,352.625,341.775,340.025,372.225,402.5,298.725,13.475,0.7,0.7,0.175,3.675,198.625,369.95,355.95,322.35,303.275,320.775,313.95,313.25
0067880031 OLD STURBRIDGE INC,2/22/2019,1 kWh,kWh,309.575,297.15,308.0,307.125,319.9,298.2,325.15,256.9,156.625,28.525,0.0,0.0,0.0,0.0,0.0,1.05,141.925,270.2,290.675,282.625,304.15,309.575,318.85,312.9
0067880031 OLD STURBRIDGE INC,2/23/2019,1 kWh,kWh,325.675,329.525,327.425,338.625,346.325,357.525,365.225,172.55,18.9,0.0,0.0,0.0,0.0,0.0,0.0,36.225,196.0,305.025,326.55,324.275,324.625,303.45,339.15,328.65
0067880031 OLD STURBRIDGE INC,2/24/2019,1 kWh,kWh,319.725,318.675,291.375,321.125,315.875,312.2,338.8,325.5,360.85,295.225,309.225,260.575,193.025,137.9,224.875,216.125,268.975,317.625,299.25,304.325,309.575,299.425,303.8,302.575
0067880031 OLD STURBRIDGE INC,2/25/2019,1 kWh,kWh,327.075,310.275,316.05,340.375,327.6,332.5,362.95,302.575,103.6,60.2,24.325,9.45,0.175,0.0,0.175,82.425,278.6,376.25,382.025,383.95,393.4,409.325,417.9,409.5
0067880031 OLD STURBRIDGE INC,2/26/2019,1 kWh,kWh,415.275,422.45,400.75,404.075,419.125,427.875,414.75,133.525,0.0,0.7,0.0,0.0,0.0,0.0,0.0,0.0,194.25,399.0,392.35,403.025,401.1,403.55,404.425,411.6
0067880031 OLD STURBRIDGE INC,2/27/2019,1 kWh,kWh,409.85,413.875,410.725,417.55,427.875,418.6,432.95,169.05,22.75,0.0,0.0,0.0,0.35,0.0,22.75,245.35,404.775,422.1,434.0,410.2,385.35,393.925,410.55,402.15
0067880031 OLD STURBRIDGE INC,2/28/2019,1 kWh,kWh,401.625,399.0,404.425,406.35,401.45,422.8,435.575,436.8,438.55,441.175,431.725,406.175,359.45,341.6,337.925,337.05,366.975,389.9,377.65,384.125,404.25,407.225,410.55,414.4
0067880031 OLD STURBRIDGE INC,3/1/2019,1 kWh,kWh,409.85,405.65,416.85,407.925,410.2,412.825,434.7,421.925,419.825,303.625,236.25,291.725,314.475,164.85,57.575,12.075,188.3,331.45,350.175,361.025,350.35,355.425,347.375,340.725
0067880031 OLD STURBRIDGE INC,3/2/2019,1 kWh,kWh,348.075,347.9,329.175,339.675,360.325,342.475,359.45,362.95,400.575,415.1,393.05,380.45,386.05,375.375,369.425,376.425,370.65,352.625,345.45,359.625,346.85,360.15,351.225,345.1
0067880031 OLD STURBRIDGE INC,3/3/2019,1 kWh,kWh,349.3,349.65,359.1,328.125,354.025,345.8,386.4,339.85,307.65,169.925,0.35,0.0,0.0,0.0,1.575,6.65,208.25,292.6,291.2,302.575,313.25,300.125,312.55,300.825
0067880031 OLD STURBRIDGE INC,3/4/2019,1 kWh,kWh,298.375,314.475,315.35,323.925,305.375,319.375,312.025,311.5,276.5,297.85,256.025,137.9,189.875,306.425,208.25,212.8,309.925,382.725,394.8,398.3,406.35,374.5,380.8,388.325
0067880031 OLD STURBRIDGE INC,3/5/2019,1 kWh,kWh,394.275,394.625,389.9,400.05,385.525,413.0,423.325,298.725,145.075,36.05,3.325,0.175,0.0,0.0,0.0,86.625,307.825,414.75,443.45,442.225,401.625,405.3,417.375,406.875
0067880031 OLD STURBRIDGE INC,3/6/2019,1 kWh,kWh,409.5,400.575,399.175,406.35,407.925,427.525,435.225,289.975,101.15,0.175,8.575,25.9,112.875,89.6,142.8,98.35,307.65,409.5,435.4,431.725,433.475,418.6,422.625,425.6
0067880031 OLD STURBRIDGE INC,3/7/2019,1 kWh,kWh,427.175,432.775,432.075,441.175,445.375,462.7,464.275,371.875,200.025,28.875,0.0,0.0,69.3,120.4,76.3,113.4,330.05,410.55,404.95,417.2,415.1,417.375,412.65,430.675
0067880031 OLD STURBRIDGE INC,3/8/2019,1 kWh,kWh,429.45,446.25,440.65,440.65,448.175,455.525,450.1,258.825,31.85,0.0,0.0,0.0,0.0,0.0,0.0,64.925,259.7,367.15,382.725,378.0,387.45,381.15,382.375,396.025
0067880031 OLD STURBRIDGE INC,3/9/2019,1 kWh,kWh,410.025,418.075,428.225,420.35,436.1,432.075,408.8,149.625,2.8,0.0,0.0,0.0,0.0,0.0,0.0,0.0,88.2,301.525,331.975,330.75,339.85,350.35,360.5,368.375
0067880031 OLD STURBRIDGE INC,3/10/2019,1 kWh,kWh,377.475,360.675,,357.7,358.225,343.0,387.1,387.8,427.875,461.475,453.075,444.85,439.425,401.8,394.975,320.95,316.75,335.3,316.575,304.85,324.275,310.625,322.175,296.975
0067880031 OLD STURBRIDGE INC,3/11/2019,1 kWh,kWh,311.15,322.875,313.775,311.325,303.275,342.125,320.25,305.9,60.2,0.0,0.35,5.425,0.35,0.0,0.0,0.0,0.0,32.55,243.075,254.625,276.325,284.9,277.375,291.2
0067880031 OLD STURBRIDGE INC,3/12/2019,1 kWh,kWh,297.5,317.1,310.975,312.025,310.45,328.475,325.85,326.375,44.625,29.05,0.175,1.4,0.0,0.0,0.0,0.875,4.725,57.05,279.125,307.475,312.55,305.375,326.725,323.925
0067880031 OLD STURBRIDGE INC,3/13/2019,1 kWh,kWh,326.025,332.85,332.325,341.075,347.9,367.325,386.225,309.4,35.525,0.0,0.0,0.0,0.0,0.0,0.0,0.875,53.2,199.675,266.875,300.825,297.85,287.875,308.7,314.65
0067880031 OLD STURBRIDGE INC,3/15/2019,1 kWh,kWh,,274.05,252.7,270.375,256.725,253.925,264.775,216.825,214.9,137.025,133.875,112.525,93.45,23.625,0.0,0.0,0.0,90.475,195.825,203.35,192.675,195.125,211.4,213.675
0067880031 OLD STURBRIDGE INC,3/16/2019,1 kWh,kWh,213.15,204.225,221.025,232.925,246.925,255.325,284.9,183.925,16.275,25.9,0.35,0.0,0.0,0.35,1.4,1.75,38.325,108.325,304.5,336.7,311.15,310.625,309.575,308.0
0067880031 OLD STURBRIDGE INC,3/17/2019,1 kWh,kWh,303.45,315.0,311.675,328.3,325.15,326.725,359.975,252.875,19.775,8.925,0.0,0.35,0.175,0.0,0.0,0.0,0.0,32.375,264.425,293.3,304.325,317.1,322.525,322.35
0067880031 OLD STURBRIDGE INC,3/18/2019,1 kWh,kWh,325.325,341.775,352.975,350.875,368.025,389.025,378.7,251.3,3.5,0.0,2.275,0.0,0.0,1.225,0.0,0.0,3.675,35.175,242.9,295.4,292.075,317.8,316.225,335.125
0067880031 OLD STURBRIDGE INC,3/19/2019,1 kWh,kWh,348.25,341.95,355.425,353.675,361.9,361.375,368.025,222.425,0.7,0.0,0.0,0.525,0.35,0.175,0.0,0.0,17.15,89.25,226.45,300.125,275.975,291.375,304.15,310.8
0067880031 OLD STURBRIDGE INC,3/20/2019,1 kWh,kWh,322.875,321.475,329.175,347.55,368.025,364.0,386.4,241.675,0.7,0.0,0.0,0.0,0.0,0.875,0.7,1.925,0.175,16.8,191.625,247.1,244.825,259.175,269.675,298.9
0067880031 OLD STURBRIDGE INC,3/21/2019,1 kWh,kWh,289.975,293.3,299.775,300.825,313.25,317.275,333.2,293.125,226.8,131.775,7.875,8.575,3.675,1.75,12.25,18.55,44.625,158.725,214.9,242.2,237.125,255.675,262.675,263.55
0067880031 OLD STURBRIDGE INC,3/22/2019,1 kWh,kWh,276.675,272.3,295.925,270.725,298.025,301.175,321.825,336.525,332.5,327.25,286.65,102.375,19.95,79.1,5.425,0.0,16.8,67.025,219.625,284.2,272.65,272.65,289.8,289.275
0067880031 OLD STURBRIDGE INC,3/23/2019,1 kWh,kWh,273.525,313.25,304.5,314.475,330.05,325.675,343.0,341.25,333.55,149.8,0.875,0.0,0.0,0.0,0.0,0.0,0.0,45.5,280.35,298.2,327.25,319.375,338.625,344.4
0067880031 OLD STURBRIDGE INC,3/24/2019,1 kWh,kWh,348.6,340.375,338.625,337.925,331.1,348.425,368.025,233.1,2.8,0.0,0.0,0.0,0.0,0.0,0.0,4.55,0.875,15.75,144.9,218.925,231.7,247.1,264.775,262.325
0067880031 OLD STURBRIDGE INC,3/25/2019,1 kWh,kWh,282.625,285.425,285.425,281.925,291.9,298.375,300.825,229.6,85.05,0.875,0.0,0.0,0.0,0.0,0.0,0.0,0.0,22.575,166.95,228.9,245.35,265.3,262.85,286.65
0067880031 OLD STURBRIDGE INC,3/26/2019,1 kWh,kWh,316.05,309.4,331.275,339.675,339.5,345.275,356.475,181.65,0.0,0.0,0.0,0.0,0.0,0.0,0.0,0.0,0.0,9.8,220.325,284.2,266.525,280.7,300.125,326.2
0067880031 OLD STURBRIDGE INC,3/27/2019,1 kWh,kWh,343.35,323.05,346.5,346.15,376.95,381.15,399.0,175.525,0.175,0.0,0.0,0.0,0.0,0.0,0.0,0.0,0.0,13.3,200.9,264.075,283.325,278.425,298.025,326.025
0067880031 OLD STURBRIDGE INC,3/28/2019,1 kWh,kWh,313.95,313.075,333.55,324.8,337.225,349.825,365.05,159.25,0.35,0.0,0.0,0.0,0.0,0.0,0.0,0.0,0.0,16.275,165.55,233.8,228.375,223.475,240.975,256.2
0067880031 OLD STURBRIDGE INC,3/29/2019,1 kWh,kWh,257.075,268.625,269.5,255.5,239.925,251.65,286.65,255.15,177.275,75.075,41.3,5.775,46.025,122.5,29.225,135.625,206.85,80.675,155.4,204.925,215.075,209.3,231.525,238.175
0067880031 OLD STURBRIDGE INC,3/30/2019,1 kWh,kWh,233.45,246.575,226.1,233.1,230.475,242.9,262.675,260.575,194.075,195.3,48.3,0.0,0.0,0.0,0.0,0.0,0.0,60.725,185.325,226.975,235.9,230.825,203.525,190.925
0067880031 OLD STURBRIDGE INC,3/31/2019,1 kWh,kWh,179.9,187.6,178.85,189.7,182.875,176.925,210.35,133.7,6.3,0.0,77.0,122.5,88.725,128.275,126.7,78.4,159.425,137.375,150.5,195.825,215.25,231.7,242.2,239.575
0067880031 OLD STURBRIDGE INC,4/1/2019,1 kWh,kWh,249.55,259.175,273.7,272.125,280.0,294.525,294.7,115.15,2.1,2.975,0.0,0.0,0.0,0.0,0.0,0.0,0.0,4.375,191.1,243.25,268.8,272.125,276.85,291.725
0067880031 OLD STURBRIDGE INC,4/2/2019,1 kWh,kWh,298.375,313.075,322.875,309.75,327.25,336.525,329.875,115.85,0.0,0.0,0.0,0.0,0.0,0.0,0.0,0.0,1.225,50.575,229.075,263.9,271.25,271.425,265.825,268.8
0067880031 OLD STURBRIDGE INC,4/4/2019,1 kWh,kWh,,279.65,278.6,278.6,294.35,301.35,314.825,115.85,0.0,0.0,0.0,6.475,44.45,0.0,0.0,0.0,0.0,0.0,122.675,224.7,248.5,248.675,250.775,273.7
0067880031 OLD STURBRIDGE INC,4/5/2019,1 kWh,kWh,274.225,279.3,287.0,309.925,304.85,321.475,315.525,174.3,8.4,0.0,0.0,0.0,0.0,0.0,0.0,8.925,55.475,131.25,231.525,242.55,249.55,250.075,264.075,277.725
0067880031 OLD STURBRIDGE INC,4/6/2019,1 kWh,kWh,282.8,266.0,286.125,270.725,266.7,273.525,302.05,233.1,88.55,7.175,0.0,0.0,0.0,0.0,0.0,0.0,8.925,22.925,126.35,211.4,224.35,224.35,223.475,233.975
0067880031 OLD STURBRIDGE INC,4/7/2019,1 kWh,kWh,245.875,263.2,268.275,283.85,252.0,281.75,306.075,83.3,0.7,0.0,0.0,0.0,0.0,0.0,0.0,0.0,0.0,0.525,64.925,148.05,161.35,158.375,149.975,156.975
0067880031 OLD STURBRIDGE INC,4/8/2019,1 kWh,kWh,164.675,172.9,172.2,182.0,185.85,194.775,229.075,230.3,214.2,166.95,135.8,90.3,9.275,30.1,35.0,103.425,144.9,153.475,216.825,242.55,250.775,264.775,230.3,237.125
0067880031 OLD STURBRIDGE INC,4/9/2019,1 kWh,kWh,247.45,240.1,253.75,237.3,251.3,279.65,268.275,220.85,146.475,67.2,13.825,3.5,0.0,1.05,1.575,6.3,72.1,208.075,221.725,234.325,245.35,241.675,247.8,248.15
0067880031 OLD STURBRIDGE INC,4/10/2019,1 kWh,kWh,271.775,258.475,283.675,263.55,269.85,281.05,273.0,75.425,125.3,65.45,20.475,5.075,0.0,0.0,0.0,0.0,0.0,38.85,138.425,242.375,244.475,254.45,264.775,269.85
0067880031 OLD STURBRIDGE INC,4/11/2019,1 kWh,kWh,298.375,321.475,322.525,320.425,317.975,329.175,311.85,46.55,0.0,0.0,0.0,0.0,0.0,0.0,0.0,16.45,96.425,150.675,189.35,206.325,215.6,215.25,222.775,232.575
0067880031 OLD STURBRIDGE INC,4/12/2019,1 kWh,kWh,242.55,247.275,278.075,268.275,253.4,274.925,274.225,268.8,219.45,136.15,144.2,111.3,42.875,28.175,0.0,0.875,11.2,95.375,206.85,225.925,212.1,204.575,198.275,193.725
0067880031 OLD STURBRIDGE INC,4/13/2019,1 kWh,kWh,173.95,174.65,166.25,180.6,172.025,168.525,175.0,141.4,62.475,2.275,0.0,0.0,0.0,0.0,0.0,0.0,0.0,3.5,71.4,130.375,138.25,139.825,154.525,149.45
0067880031 OLD STURBRIDGE INC,4/14/2019,1 kWh,kWh,147.875,156.1,154.525,157.325,160.825,160.475,183.4,54.075,1.225,0.0,0.0,0.0,0.0,0.0,0.0,1.925,4.375,79.8,143.325,136.85,134.75,144.375,135.275,140.525
0067880031 OLD STURBRIDGE INC,4/15/2019,1 kWh,kWh,132.3,143.675,134.225,140.7,143.5,137.9,162.225,145.6,41.125,0.0,14.525,0.0,0.0,32.2,70.875,0.525,0.0,31.325,94.325,170.975,162.925,176.575,180.075,199.85
0067880031 OLD STURBRIDGE INC,4/16/2019,1 kWh,kWh,199.85,218.225,207.375,210.35,207.2,228.2,212.975,36.575,6.125,0.175,0.0,0.0,0.0,0.0,0.0,0.0,0.0,11.55,98.525,171.675,179.2,165.375,179.725,179.025
0067880031 OLD STURBRIDGE INC,4/17/2019,1 kWh,kWh,194.95,203.7,207.2,200.2,230.825,234.325,213.85,12.425,0.0,0.0,0.0,0.0,0.0,0.0,0.0,0.0,0.0,0.0,108.85,182.0,183.925,200.025,195.65,213.15
0067880031 OLD STURBRIDGE INC,4/18/2019,1 kWh,kWh,211.4,212.8,229.425,250.25,226.625,243.775,235.375,216.825,81.9,121.45,75.425,27.65,44.45,139.65,153.3,164.15,168.0,198.8,194.6,207.025,199.5,183.05,176.05,174.3
0067880031 OLD STURBRIDGE INC,4/19/2019,1 kWh,kWh,176.4,157.15,155.925,168.175,153.65,148.225,157.675,80.675,3.675,0.7,9.1,19.775,0.0,1.575,1.4,2.45,7.35,36.925,96.25,159.425,147.0,147.175,144.375,140.7
0067880031 OLD STURBRIDGE INC,4/20/2019,1 kWh,kWh,147.35,144.2,147.7,139.125,138.6,140.7,151.2,93.975,58.275,182.7,142.1,120.4,36.75,19.075,27.825,0.7,16.1,145.6,164.5,195.3,195.125,180.6,165.9,169.575
0067880031 OLD STURBRIDGE INC,4/21/2019,1 kWh,kWh,165.9,156.975,166.6,167.65,161.175,176.575,178.85,133.7,36.4,0.0,7.175,0.0,0.0,0.0,0.0,3.15,34.3,69.825,56.7,145.6,163.45,161.875,165.2,171.85
0067880031 OLD STURBRIDGE INC,4/22/2019,1 kWh,kWh,178.675,168.875,170.45,174.825,181.65,190.925,180.775,41.3,0.0,0.0,0.0,0.0,46.55,155.05,126.0,144.2,143.85,112.175,140.175,157.325,160.65,160.3,161.7,169.05
0067880031 OLD STURBRIDGE INC,4/23/2019,1 kWh,kWh,156.1,161.525,167.65,176.4,162.575,175.175,176.575,172.55,141.75,44.8,0.0,0.0,0.0,0.0,0.0,0.7,0.0,0.0,80.325,148.75,150.675,145.95,154.875,155.4
0067880031 OLD STURBRIDGE INC,4/24/2019,1 kWh,kWh,166.075,159.6,148.4,143.15,149.8,172.2,162.575,51.625,3.15,2.45,0.0,0.0,0.0,0.0,0.0,0.0,2.975,10.85,58.625,154.175,168.525,153.825,160.825,181.3
0067880031 OLD STURBRIDGE INC,4/25/2019,1 kWh,kWh,178.675,185.675,212.975,199.15,205.625,233.625,142.1,61.6,0.0,0.0,0.0,0.0,0.0,0.0,0.0,0.0,0.0,0.0,15.225,139.825,141.4,136.325,142.625,142.975
0067880031 OLD STURBRIDGE INC,4/26/2019,1 kWh,kWh,157.15,139.125,156.1,152.075,160.125,168.525,175.35,173.6,107.275,62.65,54.425,42.525,62.825,112.0,171.85,185.5,95.2,121.45,212.975,232.575,220.325,216.475,232.75,238.35
0067880031 OLD STURBRIDGE INC,4/27/2019,1 kWh,kWh,236.775,239.925,245.525,225.925,216.65,214.025,196.525,47.6,1.225,6.3,2.975,0.525,0.175,18.2,11.725,5.425,3.5,25.025,142.625,242.55,245.175,241.85,253.4,242.9
0067880031 OLD STURBRIDGE INC,4/28/2019,1 kWh,kWh,225.225,244.475,236.6,238.0,236.95,232.225,169.575,65.975,20.825,38.85,0.175,5.6,4.55,17.15,61.25,60.725,86.1,108.15,109.375,179.725,195.3,195.825,218.575,215.95
0067880031 OLD STURBRIDGE INC,4/29/2019,1 kWh,kWh,240.1,240.975,254.1,251.65,259.175,295.4,180.425,1.05,0.0,0.0,0.0,0.0,0.0,0.0,0.0,0.0,0.0,0.0,43.05,156.975,172.725,183.05,186.725,176.75
0067880031 OLD STURBRIDGE INC,4/30/2019,1 kWh,kWh,186.025,197.75,209.65,203.35,203.875,205.1,189.175,176.05,115.675,42.7,17.325,0.0,0.0,0.0,0.0,0.0,0.175,30.45,28.175,166.775,183.4,184.275,201.6,209.65
0067880031 OLD STURBRIDGE INC,5/1/2019,1 kWh,kWh,221.55,234.325,214.55,225.225,227.675,226.975,216.125,184.275,136.5,25.375,0.0,0.0,0.0,0.0,0.0,2.975,26.075,43.05,132.3,176.575,174.3,165.025,185.675,186.725
0067880031 OLD STURBRIDGE INC,5/2/2019,1 kWh,kWh,201.425,200.55,190.575,193.9,196.0,197.225,173.775,109.9,0.0,0.875,47.075,13.125,0.0,17.675,63.525,57.05,138.425,126.875,163.1,196.7,188.3,190.05,218.575,211.4
0067880031 OLD STURBRIDGE INC,5/3/2019,1 kWh,kWh,200.9,201.25,206.85,198.975,203.875,206.5,228.025,163.1,145.425,91.525,3.675,0.0,0.0,60.025,2.975,1.925,92.575,98.175,168.875,187.775,178.675,175.175,160.825,168.525
0067880031 OLD STURBRIDGE INC,5/4/2019,1 kWh,kWh,154.0,163.275,158.375,167.125,176.925,159.775,151.9,57.925,42.0,35.875,19.95,6.3,79.275,11.725,14.175,2.8,19.95,43.575,156.8,191.8,208.6,193.9,189.175,188.3
0067880031 OLD STURBRIDGE INC,5/5/2019,1 kWh,kWh,198.275,191.1,185.675,187.6,184.8,191.8,186.2,162.4,126.525,25.025,48.825,34.125,49.7,30.975,36.575,17.85,56.7,109.55,133.525,169.4,183.4,196.175,187.425,201.425
0067880031 OLD STURBRIDGE INC,5/6/2019,1 kWh,kWh,193.2,196.7,203.0,211.575,211.575,221.375,171.5,83.825,22.225,0.0,0.0,0.0,0.0,0.0,0.0,0.0,0.0,0.0,41.3,142.1,160.475,179.9,177.45,183.4
0067880031 OLD STURBRIDGE INC,5/7/2019,1 kWh,kWh,183.225,194.075,199.85,205.975,191.1,211.575,122.5,0.0,0.0,0.0,0.0,0.0,0.0,0.0,0.0,0.0,0.0,21.175,152.775,165.725,148.05,132.125,129.325,135.275
0067880031 OLD STURBRIDGE INC,5/8/2019,1 kWh,kWh,134.225,133.35,133.525,133.7,146.825,146.65,80.85,10.85,0.0,0.0,0.0,0.0,0.0,0.0,0.0,0.0,0.0,0.0,19.95,125.125,134.925,137.9,137.9,148.05
0067880031 OLD STURBRIDGE INC,5/9/2019,1 kWh,kWh,155.75,154.0,158.375,172.725,201.95,210.875,130.725,15.225,0.0,0.0,0.0,0.0,0.0,0.0,0.0,0.0,0.0,4.025,126.175,158.725,164.85,153.475,162.4,168.525
0067880031 OLD STURBRIDGE INC,5/10/2019,1 kWh,kWh,166.075,173.25,163.625,177.45,175.175,173.075,147.7,107.45,34.475,53.55,3.5,11.725,75.6,132.475,80.675,23.275,103.25,33.775,48.65,138.95,154.525,142.45,140.175,138.425
0067880031 OLD STURBRIDGE INC,5/11/2019,1 kWh,kWh,143.5,148.225,145.6,147.0,161.525,161.875,80.85,8.05,0.0,0.0,0.0,0.0,0.0,0.0,0.0,0.0,0.0,0.0,26.425,123.025,133.875,139.65,143.85,149.1
0067880031 OLD STURBRIDGE INC,5/12/2019,1 kWh,kWh,151.9,164.675,157.15,159.25,173.6,177.45,200.025,163.1,172.9,149.45,188.3,144.55,166.775,149.275,134.225,163.625,181.3,210.35,212.45,217.0,225.925,218.05,228.9,229.6
0067880031 OLD STURBRIDGE INC,5/13/2019,1 kWh,kWh,229.95,229.425,231.0,242.2,243.25,256.725,165.2,13.65,11.9,0.0,0.0,0.0,0.0,0.0,0.0,18.55,141.575,111.65,134.05,212.45,226.45,210.0,219.975,234.15
0067880031 OLD STURBRIDGE INC,5/14/2019,1 kWh,kWh,226.1,232.4,230.65,235.55,237.825,234.15,197.05,96.6,8.4,0.0,0.0,0.175,0.0,0.0,0.0,0.35,91.0,123.55,164.85,215.075,212.625,208.25,219.975,221.9
0067880031 OLD STURBRIDGE INC,5/15/2019,1 kWh,kWh,228.2,231.175,218.225,229.775,236.775,243.25,108.5,0.0,17.675,2.1,0.0,0.0,0.0,0.0,0.0,0.0,0.0,1.225,18.55,126.875,165.55,156.1,159.95,171.85
0067880031 OLD STURBRIDGE INC,5/16/2019,1 kWh,kWh,178.85,172.725,178.325,187.075,179.9,191.975,95.375,0.0,0.0,0.0,0.0,1.225,0.0,0.0,0.0,0.0,0.0,1.225,32.55,146.3,161.875,150.85,149.625,153.125
