Account,Date,Channel,Units,1:00,2:00,3:00,4:00,5:00,6:00,7:00,8:00,9:00,10:00,11:00,12:00,13:00,14:00,15:00,16:00,17:00,18:00,19:00,20:00,21:00,22:00,23:00,24:00
432004075,4/16/2018,891859122 1 kWh,kWh,62.58,62.79,65.415,77.49,84.105,98.595,127.05,149.415,172.515,188.79,174.51,172.515,180.285,171.675,156.24,137.97,141.12,126.21,103.74,82.635,67.725,60.06,60.375,61.74
432004075,4/17/2018,891859122 1 kWh,kWh,60.69,60.9,60.27,74.655,85.365,100.17,118.86,144.48,144.48,142.905,135.765,153.3,144.9,134.19,132.825,127.47,129.465,127.47,100.695,82.005,63.735,60.585,62.895,63.63
432004075,4/18/2018,891859122 1 kWh,kWh,61.74,61.11,62.58,75.39,84.0,90.825,116.76,140.49,147.105,130.83,134.715,120.33,140.385,136.395,121.905,126.945,118.335,113.925,101.85,89.46,81.06,76.86,73.605,74.865
432004075,4/19/2018,891859122 1 kWh,kWh,73.71,73.395,73.815,85.89,92.295,91.98,120.225,156.24,151.305,158.34,155.4,166.215,163.17,151.725,141.645,113.295,99.33,90.09,80.01,67.41,59.955,62.37,61.74,63.0
432004075,4/20/2018,891859122 1 kWh,kWh,62.16,60.375,62.79,76.335,86.31,97.86,116.55,116.55,103.425,109.935,112.98,114.87,116.55,120.75,107.52,107.73,112.875,107.1,99.645,70.14,66.255,68.985,66.78,63.735
432004075,4/21/2018,891859122 1 kWh,kWh,61.635,63.945,66.15,63.0,62.475,64.785,60.375,51.975,52.71,47.565,43.155,42.42,32.13,24.78,31.08,47.775,59.22,66.57,66.78,62.685,64.575,63.735,60.69,59.85
432004075,4/22/2018,891859122 1 kWh,kWh,59.745,58.065,60.06,59.955,60.375,57.54,47.145,41.16,49.77,41.58,45.465,49.77,51.66,52.29,48.09,57.225,52.815,54.18,55.44,56.07,57.645,63.315,59.64,61.635
432004075,4/23/2018,891859122 1 kWh,kWh,60.48,59.115,60.375,74.445,83.58,95.97,115.71,123.795,127.155,124.005,132.615,142.17,141.645,150.36,124.635,117.075,119.28,117.6,101.955,80.115,67.62,60.06,56.28,57.33
432004075,4/24/2018,891859122 1 kWh,kWh,57.225,57.75,59.43,75.39,83.16,85.365,108.675,121.17,114.45,118.23,114.03,143.85,130.41,133.875,119.7,117.495,124.74,104.055,94.5,64.365,57.435,56.49,54.39,55.125
432004075,4/25/2018,891859122 1 kWh,kWh,54.495,53.865,53.865,78.435,90.51,105.105,137.445,158.55,161.49,171.15,157.185,167.685,164.955,167.055,151.62,126.525,123.48,118.86,103.425,67.305,61.32,63.21,57.75,58.695
432004075,4/26/2018,891859122 1 kWh,kWh,57.855,57.75,57.855,84.525,97.755,105.0,131.985,149.205,162.54,152.565,146.475,154.245,147.945,150.15,133.98,114.135,107.835,116.76,106.995,73.605,63.63,63.735,60.69,57.12
432004075,4/27/2018,891859122 1 kWh,kWh,55.65,57.96,54.81,82.74,95.34,105.21,128.94,136.71,127.575,147.21,150.78,162.015,167.265,170.625,149.1,128.31,124.635,111.72,105.84,73.92,68.25,65.205,60.585,59.955
432004075,4/28/2018,891859122 1 kWh,kWh,58.17,57.015,57.855,58.695,57.645,63.525,67.095,57.33,61.005,47.88,47.67,46.935,29.82,19.635,25.41,36.33,45.36,51.345,55.86,58.065,54.81,55.335,55.755,56.805
432004075,4/29/2018,891859122 1 kWh,kWh,55.86,57.225,54.075,55.335,55.02,57.33,54.075,60.795,73.185,75.075,61.53,51.765,55.44,63.735,61.74,64.575,60.48,60.06,61.53,62.895,61.11,60.795,62.37,62.055
432004075,4/30/2018,891859122 1 kWh,kWh,62.58,60.165,60.9,73.5,83.475,95.655,118.65,149.94,142.275,137.97,130.2,129.885,140.49,144.48,118.23,132.72,110.775,104.895,93.24,77.49,63.525,63.735,60.06,61.635
432004075,5/1/2018,891859122 1 kWh,kWh,61.425,61.74,60.795,74.76,83.265,92.715,122.85,143.325,129.885,141.12,122.535,139.335,143.535,137.55,116.55,109.41,111.93,99.645,90.825,58.905,51.45,52.5,54.39,56.385
432004075,5/2/2018,891859122 1 kWh,kWh,53.97,55.23,55.23,82.215,93.765,103.005,112.77,137.55,143.325,123.795,122.64,151.305,147.63,124.425,143.955,110.985,101.85,100.065,98.07,71.715,64.155,57.855,53.34,51.765
432004075,5/3/2018,891859122 1 kWh,kWh,50.085,49.56,49.455,81.27,93.975,109.41,128.835,131.565,140.385,141.225,137.55,152.145,151.305,173.985,166.005,156.03,134.715,117.495,106.155,75.495,68.145,62.58,58.905,57.225
432004075,5/4/2018,891859122 1 kWh,kWh,55.02,54.075,55.02,91.35,101.535,107.1,123.48,144.48,151.515,157.395,145.215,161.28,152.88,154.56,136.29,144.06,155.61,131.88,119.385,81.795,68.775,66.15,56.49,53.865
432004075,5/5/2018,891859122 1 kWh,kWh,49.875,46.62,45.78,45.885,46.62,65.73,66.675,67.725,80.64,57.96,75.915,66.99,47.565,32.025,32.13,40.635,48.405,53.13,53.865,48.3,48.72,48.72,47.985,47.67
432004075,5/6/2018,891859122 1 kWh,kWh,47.145,45.885,44.625,43.05,43.785,46.2,45.255,48.51,66.465,66.57,68.25,64.365,61.845,62.895,54.39,50.925,55.02,52.29,51.87,50.61,50.925,53.235,52.29,51.66
432004075,5/7/2018,891859122 1 kWh,kWh,47.88,48.405,47.985,70.245,82.215,87.78,118.125,152.355,152.355,129.885,118.755,123.375,130.515,135.66,126.105,109.515,95.025,92.295,95.34,73.395,69.825,65.94,64.995,66.045
432004075,5/8/2018,891859122 1 kWh,kWh,60.27,57.225,58.38,75.915,76.02,83.055,102.27,124.32,139.545,128.73,117.705,146.055,163.59,142.695,127.365,108.675,107.73,103.11,90.825,68.88,62.475,63.0,60.48,63.21
432004075,5/9/2018,891859122 1 kWh,kWh,59.64,60.06,60.585,82.005,89.04,96.18,130.62,131.985,141.225,125.16,127.785,141.015,148.995,134.61,115.29,109.725,105.315,108.045,103.215,73.185,61.11,59.01,59.43,59.535
432004075,5/10/2018,891859122 1 kWh,kWh,59.22,58.17,58.38,77.595,86.625,95.025,112.98,134.715,132.93,107.73,109.62,122.64,143.955,142.59,111.195,95.97,90.72,98.07,89.355,76.65,70.56,70.14,68.565,68.355
432004075,5/11/2018,891859122 1 kWh,kWh,58.275,57.015,57.015,61.425,68.67,74.55,111.93,126.315,117.18,105.315,113.295,124.005,129.675,131.46,117.285,107.835,111.51,106.47,98.805,69.51,59.22,58.695,56.7,58.065
432004075,5/12/2018,891859122 1 kWh,kWh,55.545,56.385,57.015,58.065,64.68,67.515,65.52,63.525,65.415,66.255,63.84,65.1,67.83,66.465,68.355,64.05,60.375,62.79,60.165,58.59,59.745,59.955,58.17,59.85
432004075,5/13/2018,891859122 1 kWh,kWh,59.325,57.015,56.49,60.165,66.255,68.565,63.945,61.845,60.69,59.955,64.26,68.04,66.045,66.78,70.665,72.87,72.135,71.085,70.35,69.3,59.64,61.11,59.22,60.795
432004075,5/14/2018,891859122 1 kWh,kWh,56.805,57.33,56.28,65.205,74.55,87.465,125.895,144.06,139.44,155.82,143.01,135.24,124.95,125.79,112.35,109.41,101.22,104.685,101.115,70.455,67.725,65.1,62.265,62.475
432004075,5/15/2018,891859122 1 kWh,kWh,61.74,61.32,62.58,79.59,87.675,97.335,122.955,145.53,145.95,131.46,120.75,140.49,144.795,139.65,126.21,128.205,122.745,115.08,114.45,80.43,65.31,61.425,58.275,59.01
432004075,5/16/2018,891859122 1 kWh,kWh,58.065,59.64,59.115,78.435,85.575,98.7,112.56,135.66,140.175,132.93,122.325,152.88,152.775,156.24,125.265,114.975,101.01,98.385,95.445,63.315,53.235,51.765,47.985,48.51
432004075,5/17/2018,891859122 1 kWh,kWh,48.3,47.04,48.195,72.975,86.73,95.34,125.58,171.465,168.21,159.39,148.785,154.77,151.2,138.915,128.415,123.69,105.525,106.05,101.22,74.55,68.355,69.93,66.36,68.67
432004075,5/18/2018,891859122 1 kWh,kWh,64.575,67.41,66.465,84.315,85.68,92.19,111.405,158.97,139.545,128.835,124.635,143.43,132.3,122.325,104.055,105.63,116.865,107.835,95.025,77.805,76.125,75.81,69.195,53.55
432004075,5/19/2018,891859122 1 kWh,kWh,49.35,49.245,49.35,48.405,48.195,48.615,49.245,57.015,72.66,68.25,63.945,65.94,65.94,66.15,62.16,60.48,54.705,52.395,53.97,50.925,50.925,50.715,51.345,51.975
432004075,5/20/2018,891859122 1 kWh,kWh,49.245,49.035,48.195,59.325,68.985,71.19,69.51,65.625,68.25,42.315,37.59,41.895,47.775,45.045,43.68,52.395,65.1,62.58,61.635,54.39,53.97,52.08,50.295,49.77
432004075,5/21/2018,891859122 1 kWh,kWh,46.62,46.725,47.67,66.045,78.96,84.945,98.595,124.005,124.32,123.165,118.86,119.175,135.975,131.145,112.14,114.135,115.185,109.62,102.06,69.51,51.345,49.455,47.145,46.725
432004075,5/22/2018,891859122 1 kWh,kWh,46.2,44.1,43.68,73.29,82.74,90.09,114.345,133.245,139.86,144.9,142.59,148.995,162.645,142.59,136.92,125.58,111.825,98.28,91.875,60.06,54.18,55.44,55.86,55.23
432004075,5/23/2018,891859122 1 kWh,kWh,53.655,52.605,51.03,56.805,60.795,66.255,85.785,127.47,128.1,132.93,116.76,127.89,138.705,148.26,129.57,120.855,112.77,105.315,105.525,80.325,74.34,73.185,70.245,71.4
432004075,5/24/2018,891859122 1 kWh,kWh,71.82,71.61,66.675,83.475,83.37,87.255,114.45,105.21,118.65,113.295,105.21,116.13,105.945,103.425,85.26,90.3,108.675,93.135,78.33,48.615,47.355,45.255,44.52,44.73
432004075,5/25/2018,891859122 1 kWh,kWh,44.625,42.525,43.68,62.16,61.635,66.885,87.78,97.545,121.38,116.865,120.54,115.29,103.005,94.29,75.705,80.115,88.725,83.58,76.86,46.62,43.365,46.62,44.625,42.84
432004075,5/26/2018,891859122 1 kWh,kWh,42.0,40.32,43.575,43.155,42.735,39.375,27.825,23.415,18.48,12.6,13.125,12.18,17.745,20.685,27.51,33.075,34.65,40.005,43.26,44.415,44.52,43.365,44.94,43.47
432004075,5/27/2018,891859122 1 kWh,kWh,42.525,42.42,42.21,55.65,68.145,68.25,66.045,60.9,64.995,62.475,63.0,66.78,62.58,64.47,60.06,53.97,58.8,57.12,58.065,53.55,49.245,48.3,48.09,46.725
432004075,5/28/2018,891859122 1 kWh,kWh,45.675,45.36,45.57,61.005,80.22,81.795,77.385,72.975,76.86,76.755,67.935,57.96,58.485,62.055,80.43,76.545,82.425,75.18,71.61,57.645,61.635,60.9,60.69,60.585
432004075,5/29/2018,891859122 1 kWh,kWh,60.585,45.885,44.73,72.87,84.315,90.51,112.14,121.17,122.85,125.685,117.6,129.045,131.88,145.11,139.335,135.03,110.565,108.15,101.85,68.04,47.67,45.255,44.835,45.045
432004075,5/30/2018,891859122 1 kWh,kWh,45.045,47.145,44.835,76.125,97.755,99.96,129.045,140.595,131.775,136.395,134.4,147.21,155.4,163.38,157.71,154.665,136.29,120.75,118.23,66.675,67.62,58.485,55.23,55.755
432004075,5/31/2018,891859122 1 kWh,kWh,55.23,49.455,45.57,65.415,64.05,67.2,94.815,136.29,140.28,147.0,150.36,139.86,123.585,126.525,125.265,119.91,103.74,115.395,114.345,85.785,56.91,47.88,43.68,44.625
432004075,6/1/2018,891859122 1 kWh,kWh,44.205,42.63,44.31,72.87,95.445,98.385,123.69,140.805,152.04,157.185,153.09,159.075,158.235,146.58,128.1,130.515,112.245,117.6,120.96,80.85,63.525,47.775,45.36,45.57
432004075,6/2/2018,891859122 1 kWh,kWh,43.05,42.735,42.63,42.735,41.58,44.52,40.32,45.045,76.965,81.375,99.855,115.29,107.835,109.515,75.81,77.28,57.225,74.97,84.42,74.235,73.605,75.39,73.185,76.965
432004075,6/3/2018,891859122 1 kWh,kWh,76.44,68.565,64.05,63.21,71.505,68.775,56.595,60.165,68.145,52.71,43.89,53.76,51.555,57.225,53.655,60.585,70.14,76.23,76.86,77.595,80.43,67.515,67.2,67.725
432004075,6/4/2018,891859122 1 kWh,kWh,67.2,66.045,66.99,83.265,86.1,89.25,124.425,150.465,140.175,157.92,142.905,135.03,139.02,134.295,135.765,118.02,111.3,115.395,105.105,83.16,76.02,70.98,70.245,69.09
432004075,6/5/2018,891859122 1 kWh,kWh,68.985,68.775,68.145,83.895,86.73,94.71,109.725,113.61,128.73,152.145,139.125,136.92,147.63,131.775,135.975,134.82,106.785,87.675,85.155,53.13,47.25,49.35,45.675,46.725
432004075,6/6/2018,891859122 1 kWh,kWh,44.625,44.205,44.31,71.505,82.215,90.615,114.765,135.24,139.125,139.44,137.76,164.22,164.64,151.935,127.47,106.26,94.29,86.52,83.475,53.025,48.195,48.3,45.78,45.885
432004075,6/7/2018,891859122 1 kWh,kWh,45.885,44.31,44.205,72.24,82.53,94.92,124.32,157.08,149.415,127.05,132.615,121.275,110.145,132.825,136.5,150.045,144.585,139.02,115.185,54.075,46.095,45.465,43.575,45.465
432004075,6/8/2018,891859122 1 kWh,kWh,43.365,43.05,44.1,71.505,82.32,86.31,88.305,90.615,90.825,86.73,70.98,91.035,86.31,85.785,89.985,95.235,96.81,91.665,90.195,64.47,54.915,54.285,51.24,48.825
432004075,6/9/2018,891859122 1 kWh,kWh,47.145,44.205,43.365,43.575,42.735,44.31,43.47,36.225,39.375,35.805,43.89,50.4,48.195,53.655,54.39,55.44,57.435,61.53,59.43,59.535,60.165,60.69,59.325,61.11
432004075,6/10/2018,891859122 1 kWh,kWh,58.8,59.01,42.945,53.655,64.26,63.84,62.37,60.06,47.46,48.09,48.3,47.88,48.72,52.92,59.01,60.585,59.64,57.225,58.485,53.13,50.4,49.665,47.25,46.2
432004075,6/11/2018,891859122 1 kWh,kWh,44.94,43.89,43.05,62.265,62.475,71.715,90.72,105.0,105.735,99.54,97.755,99.015,93.975,63.0,61.53,60.27,61.845,65.835,63.63,44.52,42.42,42.525,40.005,41.37
432004075,6/12/2018,891859122 1 kWh,kWh,39.69,39.9,40.215,57.33,58.905,61.005,79.065,105.63,98.805,99.225,84.525,78.96,82.215,56.91,66.99,62.79,61.635,65.415,64.785,44.205,44.835,42.0,38.64,40.53
432004075,6/13/2018,891859122 1 kWh,kWh,39.375,38.325,39.585,68.145,78.645,83.475,99.435,123.27,129.15,141.54,127.05,122.115,109.095,99.645,76.02,72.03,67.725,68.04,66.255,45.57,45.045,43.26,41.895,42.525
432004075,6/14/2018,891859122 1 kWh,kWh,42.0,41.58,41.58,58.59,58.275,57.855,70.14,75.915,83.79,80.85,79.17,76.23,78.54,80.22,88.83,92.715,90.195,85.155,82.425,54.6,51.975,47.88,44.625,41.79
432004075,6/15/2018,891859122 1 kWh,kWh,39.48,38.115,38.535,57.12,56.49,63.105,67.2,74.97,86.1,83.37,80.115,71.505,64.365,54.915,60.69,46.83,54.285,61.95,60.375,40.95,40.53,39.27,39.27,41.79
432004075,6/16/2018,891859122 1 kWh,kWh,40.425,38.43,38.01,39.375,37.065,34.65,25.305,26.46,38.22,35.175,29.61,35.175,38.43,44.52,51.555,56.385,65.835,68.25,70.245,70.77,65.31,66.045,62.37,61.32
432004075,6/17/2018,891859122 1 kWh,kWh,59.64,60.375,59.22,50.715,57.75,54.18,45.885,42.0,36.75,33.915,37.17,43.26,45.36,50.085,57.33,60.27,57.015,61.005,62.16,61.635,56.91,60.06,56.91,56.805
432004075,6/18/2018,891859122 1 kWh,kWh,55.545,55.44,56.805,74.76,75.075,72.555,66.465,59.535,62.79,71.19,83.055,87.78,93.345,93.765,92.715,87.36,83.685,85.155,83.895,60.27,52.815,53.34,50.505,50.085
432004075,6/19/2018,891859122 1 kWh,kWh,49.77,48.405,49.56,84.105,94.71,94.605,92.61,86.415,93.975,93.765,93.555,94.29,89.88,89.46,91.77,87.675,83.685,85.995,85.47,57.435,53.55,50.295,44.1,43.26
432004075,6/20/2018,891859122 1 kWh,kWh,41.37,41.055,40.32,71.82,81.585,81.48,82.215,81.795,89.355,81.27,85.26,89.67,89.145,87.36,91.875,84.525,85.155,80.64,79.59,51.45,48.195,48.615,44.835,45.99
432004075,6/21/2018,891859122 1 kWh,kWh,44.31,44.415,42.735,63.525,64.155,73.395,66.36,88.41,89.565,90.09,90.615,83.895,87.57,88.2,81.06,75.18,86.73,78.75,74.235,53.76,52.605,51.975,47.565,44.625
432004075,6/22/2018,891859122 1 kWh,kWh,42.21,38.745,39.795,72.45,88.83,86.31,79.38,80.01,82.425,105.21,82.425,87.885,107.625,120.225,93.135,96.495,77.49,76.86,75.18,50.82,44.73,42.945,40.635,41.58
432004075,6/23/2018,891859122 1 kWh,kWh,40.005,39.795,39.48,51.45,60.06,63.63,53.76,44.73,53.445,52.395,52.395,52.71,50.4,57.75,53.97,52.605,48.51,45.57,46.515,40.11,37.485,38.01,36.225,37.065
432004075,6/24/2018,891859122 1 kWh,kWh,36.645,35.7,36.015,36.96,34.755,36.75,33.39,31.08,28.245,11.445,13.86,34.65,16.275,26.04,31.29,40.005,40.95,40.95,38.955,39.375,37.905,38.325,37.275,38.01
432004075,6/25/2018,891859122 1 kWh,kWh,37.905,36.225,37.38,67.725,77.385,77.7,75.285,74.865,73.29,69.3,69.195,72.555,61.74,71.925,82.845,76.755,82.215,87.99,86.73,66.99,62.895,59.955,59.01,59.43
432004075,6/26/2018,891859122 1 kWh,kWh,58.38,57.75,58.8,78.015,75.18,52.395,43.365,48.09,65.205,64.155,66.675,70.14,78.645,77.595,75.915,68.25,67.095,66.255,63.42,42.42,40.11,39.585,37.17,38.115
432004075,6/27/2018,891859122 1 kWh,kWh,36.435,35.805,36.12,58.065,56.49,58.275,55.335,53.235,53.865,52.92,54.915,67.095,75.705,73.815,72.87,82.635,74.235,70.245,67.305,40.005,37.695,38.115,36.12,37.17
432004075,6/28/2018,891859122 1 kWh,kWh,36.33,35.385,37.275,56.07,59.22,60.585,61.11,86.1,94.92,96.075,94.08,87.465,101.745,107.1,101.115,71.61,76.965,72.555,70.35,47.145,44.415,42.21,41.37,41.58
432004075,6/29/2018,891859122 1 kWh,kWh,39.795,39.585,39.69,71.61,83.685,84.105,78.96,71.19,76.02,80.22,85.05,90.09,85.68,88.095,90.09,78.96,82.74,87.15,87.36,65.625,57.54,54.075,49.98,49.35
432004075,6/30/2018,891859122 1 kWh,kWh,47.985,45.15,41.79,52.815,63.315,63.63,56.385,49.14,45.99,52.92,54.285,52.605,59.43,63.0,67.515,72.87,81.48,86.94,85.995,84.21,81.9,76.755,77.7,76.44
432004075,7/1/2018,891859122 1 kWh,kWh,74.55,73.08,74.13,70.035,68.145,71.295,63.525,62.58,61.635,64.05,58.275,62.055,66.15,68.25,73.08,80.43,87.885,93.24,93.555,90.615,88.305,74.34,72.975,71.295
432004075,7/2/2018,891859122 1 kWh,kWh,69.51,70.35,68.145,89.04,85.68,88.62,78.75,74.97,79.065,87.15,99.54,102.375,112.245,101.325,106.365,96.915,98.175,104.79,100.59,73.185,69.72,66.57,64.26,62.475
432004075,7/3/2018,891859122 1 kWh,kWh,62.16,60.06,58.59,94.185,106.26,107.52,106.995,105.21,101.22,97.335,107.415,108.99,110.67,114.45,112.245,106.155,100.065,101.115,100.905,71.085,68.355,68.04,64.155,62.16
432004075,7/4/2018,891859122 1 kWh,kWh,59.85,59.01,59.64,96.81,103.845,105.945,99.645,93.975,90.93,90.72,93.765,96.39,96.81,112.14,113.295,100.275,98.91,103.11,99.54,68.355,64.89,62.475,60.48,59.955
432004075,7/5/2018,891859122 1 kWh,kWh,57.54,56.805,54.81,93.24,101.955,106.155,100.38,99.225,96.285,97.335,104.055,105.84,106.575,108.99,106.47,110.88,98.385,100.905,97.545,67.83,64.89,61.635,61.215,60.48
432004075,7/6/2018,891859122 1 kWh,kWh,58.905,55.125,52.185,95.97,105.21,107.52,103.635,107.205,112.665,113.925,113.715,111.51,103.425,102.06,101.955,96.39,95.76,97.965,91.56,66.15,64.575,59.85,51.345,43.995
432004075,7/7/2018,891859122 1 kWh,kWh,39.06,37.905,37.485,37.8,35.7,38.325,36.54,34.545,37.065,34.23,36.75,38.64,23.415,19.635,23.1,31.08,39.165,50.715,47.565,47.46,45.675,40.215,38.535,38.955
432004075,7/8/2018,891859122 1 kWh,kWh,37.275,37.275,36.75,37.485,37.59,33.495,29.085,26.355,39.48,36.33,39.27,40.74,45.675,46.62,43.785,48.615,51.24,56.175,46.83,49.56,47.775,45.57,40.32,41.79
432004075,7/9/2018,891859122 1 kWh,kWh,37.59,37.8,38.43,58.59,60.06,60.69,65.31,65.31,74.235,82.845,87.57,88.095,80.115,71.085,74.34,83.055,84.63,87.99,84.63,58.275,51.975,50.085,46.095,46.935
432004075,7/10/2018,891859122 1 kWh,kWh,40.74,36.855,37.695,57.75,59.85,56.91,55.755,53.025,77.595,85.05,91.56,94.605,94.29,97.65,99.435,101.955,106.785,109.83,107.31,81.375,80.85,79.17,73.29,77.175
432004075,7/11/2018,891859122 1 kWh,kWh,72.87,71.82,70.98,93.765,95.13,94.395,88.305,85.365,90.93,90.405,100.8,97.65,98.07,103.53,107.415,103.215,87.78,82.95,81.69,50.19,47.67,45.99,43.365,41.055
432004075,7/12/2018,891859122 1 kWh,kWh,42.315,38.745,38.64,59.955,60.795,63.945,55.44,71.505,70.875,73.5,74.76,80.535,91.14,95.55,96.495,90.195,94.815,94.71,95.76,71.295,68.46,67.83,65.415,58.8
432004075,7/13/2018,891859122 1 kWh,kWh,61.11,56.385,56.49,76.44,77.91,76.44,70.98,70.665,73.185,77.385,88.935,91.455,90.93,92.295,86.415,87.045,92.82,95.55,94.815,70.665,68.145,68.775,64.26,62.58
432004075,7/14/2018,891859122 1 kWh,kWh,61.32,60.165,59.745,58.59,58.065,59.22,52.5,45.885,49.56,47.46,51.345,53.655,53.55,61.635,69.405,69.72,77.91,74.655,73.5,76.44,72.555,71.295,69.3,68.985
432004075,7/15/2018,891859122 1 kWh,kWh,66.78,66.36,66.36,65.205,67.095,67.62,64.995,59.22,53.865,47.985,50.61,55.02,59.01,61.74,70.035,66.045,76.755,79.8,78.33,78.645,76.86,73.185,70.455,69.3
432004075,7/16/2018,891859122 1 kWh,kWh,68.145,66.255,66.885,85.89,90.72,86.415,80.01,70.035,67.095,77.07,88.83,101.85,108.99,111.72,104.58,105.945,112.665,113.085,110.985,82.215,79.485,78.435,75.18,74.13
432004075,7/17/2018,891859122 1 kWh,kWh,74.97,72.03,71.82,91.245,99.54,95.445,85.995,94.605,106.47,102.48,112.245,109.41,118.965,119.595,111.93,101.115,98.28,96.285,94.185,76.23,73.29,74.025,73.185,68.985
432004075,7/18/2018,891859122 1 kWh,kWh,67.62,66.045,67.725,85.575,88.095,81.9,76.86,72.555,79.275,79.695,82.635,82.74,83.79,87.675,85.575,89.67,90.51,97.65,93.87,72.345,70.035,68.775,63.735,61.74
432004075,7/19/2018,891859122 1 kWh,kWh,60.375,58.905,59.85,80.115,80.43,77.7,69.195,66.57,67.725,68.145,74.235,77.49,84.315,82.005,81.165,83.16,87.675,90.09,90.3,67.83,65.205,64.995,61.005,58.485
432004075,7/20/2018,891859122 1 kWh,kWh,58.17,55.65,56.175,77.175,76.965,75.915,67.41,64.68,69.195,73.29,73.185,73.815,79.8,90.3,83.79,84.21,90.51,93.87,91.455,68.565,64.365,65.415,63.42,59.22
432004075,7/21/2018,891859122 1 kWh,kWh,58.065,56.49,55.125,55.86,55.44,55.335,45.36,41.265,35.7,31.29,33.18,37.275,38.01,46.83,52.185,59.955,60.165,64.26,64.26,64.155,62.265,62.895,62.58,62.055
432004075,7/22/2018,891859122 1 kWh,kWh,61.215,56.49,59.85,57.645,59.64,63.84,61.74,59.115,58.485,48.72,51.975,55.755,65.415,62.055,57.645,63.105,70.455,72.03,72.765,71.19,71.085,71.085,70.455,70.665
432004075,7/23/2018,891859122 1 kWh,kWh,68.985,71.82,65.625,91.35,95.865,96.285,94.815,101.01,109.515,117.075,121.065,115.395,111.405,107.625,107.94,100.275,97.65,99.12,99.645,75.81,77.28,73.5,71.925,72.66
432004075,7/24/2018,891859122 1 kWh,kWh,70.665,69.72,71.19,89.985,96.81,98.91,94.395,92.295,100.8,103.11,111.615,112.665,114.24,111.405,107.73,103.53,90.405,87.57,87.465,57.54,55.44,54.915,52.185,52.185
432004075,7/25/2018,891859122 1 kWh,kWh,50.295,48.825,49.035,83.79,102.585,101.115,101.43,98.07,110.565,121.38,110.985,113.295,105.735,107.205,103.425,100.275,99.855,101.22,97.755,75.705,73.605,70.77,72.135,71.4
432004075,7/26/2018,891859122 1 kWh,kWh,69.825,69.405,69.615,89.25,91.665,95.55,88.515,92.505,102.27,99.645,104.265,102.165,102.165,92.505,105.735,96.6,98.385,102.375,99.435,79.485,70.875,46.2,42.315,44.94
432004075,7/27/2018,891859122 1 kWh,kWh,42.0,40.845,40.215,71.4,93.03,87.045,81.27,83.58,87.57,94.185,102.27,103.11,103.005,108.36,115.5,90.195,86.73,84.315,84.84,57.435,52.08,50.715,44.835,43.365
432004075,7/28/2018,891859122 1 kWh,kWh,41.895,39.375,38.85,55.125,60.48,62.475,59.745,57.015,45.255,44.625,56.595,59.85,46.41,34.23,39.375,46.62,69.72,64.68,61.11,61.74,60.165,59.22,58.275,56.91
432004075,7/29/2018,891859122 1 kWh,kWh,57.75,50.4,37.695,52.08,61.635,59.745,50.505,47.145,42.525,44.625,49.035,46.2,48.51,52.605,59.43,64.575,66.36,73.605,74.13,71.085,68.88,71.19,62.58,66.465
432004075,7/30/2018,891859122 1 kWh,kWh,57.855,59.325,61.635,80.115,81.69,80.85,71.19,76.965,85.995,92.82,102.69,101.64,97.02,102.27,105.945,95.445,90.825,82.425,69.3,47.04,44.31,42.525,39.9,38.535
432004075,7/31/2018,891859122 1 kWh,kWh,37.59,37.695,38.22,57.75,61.005,59.43,61.95,69.3,73.815,73.605,85.47,80.64,85.575,84.42,86.52,85.365,104.58,98.91,101.01,76.965,74.55,71.925,69.3,68.46
432004075,8/1/2018,891859122 1 kWh,kWh,67.83,66.15,65.1,87.36,93.66,84.945,81.795,90.51,101.43,102.585,105.525,104.055,96.705,103.53,108.465,93.24,97.65,99.12,102.06,71.505,69.3,64.365,63.315,62.58
432004075,8/2/2018,891859122 1 kWh,kWh,62.475,61.53,60.48,84.21,93.765,95.655,88.725,89.355,92.82,103.005,105.315,104.055,117.81,126.525,125.685,115.92,113.715,102.9,101.745,76.545,77.28,74.445,73.605,74.025
432004075,8/3/2018,891859122 1 kWh,kWh,69.09,66.885,64.89,89.355,102.27,102.9,105.21,107.94,102.375,104.58,100.8,102.585,105.525,109.41,106.155,118.23,115.71,110.88,107.835,84.84,84.105,83.265,82.32,83.37
432004075,8/4/2018,891859122 1 kWh,kWh,79.695,83.055,80.85,79.275,72.87,71.295,71.085,70.14,64.575,69.09,63.0,54.39,60.375,54.39,56.175,70.14,75.915,82.11,78.435,77.07,74.76,71.61,68.355,72.555
432004075,8/5/2018,891859122 1 kWh,kWh,63.315,70.035,67.41,62.685,67.2,58.38,56.385,50.925,41.685,49.98,56.28,61.425,67.83,70.77,73.605,79.17,82.53,84.63,82.425,78.645,73.185,69.825,68.565,69.09
432004075,8/6/2018,891859122 1 kWh,kWh,66.57,64.365,59.115,79.905,84.21,81.375,76.23,78.855,76.965,93.765,99.645,102.795,115.92,105.84,114.66,113.19,115.29,121.065,117.6,86.94,80.955,79.8,77.49,78.12
432004075,8/7/2018,891859122 1 kWh,kWh,76.23,75.285,75.495,92.505,102.795,102.585,99.225,94.71,100.59,104.37,110.25,103.74,111.09,115.29,117.81,118.02,105.63,112.35,111.51,80.115,79.17,75.285,74.655,77.385
432004075,8/8/2018,891859122 1 kWh,kWh,75.495,73.71,73.185,93.135,96.495,94.5,86.73,84.315,97.23,104.895,118.125,117.495,115.185,124.635,122.01,118.02,121.38,119.805,119.805,90.405,78.855,77.175,76.965,75.915
432004075,8/9/2018,891859122 1 kWh,kWh,74.55,73.815,73.92,93.555,106.47,102.9,100.275,91.875,96.81,102.795,115.08,112.35,108.36,108.99,107.52,109.095,112.035,115.605,115.92,85.785,81.795,77.07,75.915,77.28
432004075,8/10/2018,891859122 1 kWh,kWh,75.6,74.655,64.68,86.31,87.465,88.515,80.325,84.315,87.99,92.4,91.455,101.325,105.42,105.0,125.58,123.69,129.465,126.735,120.54,90.615,88.305,78.855,72.87,72.03
432004075,8/11/2018,891859122 1 kWh,kWh,74.235,73.395,72.87,68.88,66.36,61.005,56.595,62.16,65.73,65.1,61.845,63.315,64.155,64.68,65.205,64.47,58.17,61.53,62.58,62.79,60.375,60.165,59.64,60.165
432004075,8/12/2018,891859122 1 kWh,kWh,59.85,59.745,60.9,61.95,68.88,67.62,64.05,59.64,60.06,55.755,57.225,58.485,57.645,68.145,71.295,74.76,77.175,75.915,78.435,77.595,75.81,73.395,75.495,72.345
432004075,8/13/2018,891859122 1 kWh,kWh,72.345,70.665,71.715,91.875,94.08,92.19,95.445,97.755,100.065,102.585,102.585,102.27,102.48,102.69,102.375,106.365,104.58,96.81,90.195,72.03,73.605,72.135,69.405,70.77
432004075,8/14/2018,891859122 1 kWh,kWh,69.51,69.3,69.825,88.515,91.56,92.925,90.51,96.075,97.23,92.82,91.14,96.495,97.335,101.325,110.46,118.755,109.83,105.42,102.69,71.61,68.88,66.78,65.1,64.365
432004075,8/15/2018,891859122 1 kWh,kWh,62.685,59.955,61.635,82.635,90.825,90.3,85.785,85.47,95.445,99.12,98.91,99.435,102.9,120.645,120.225,115.5,116.97,110.67,109.2,77.175,80.64,74.13,68.25,67.725
432004075,8/16/2018,891859122 1 kWh,kWh,64.365,65.73,63.63,83.055,84.0,83.475,81.585,93.975,92.715,101.43,101.115,110.565,110.46,113.925,121.59,121.485,121.38,118.335,113.82,79.275,76.02,77.91,74.76,71.82
432004075,8/17/2018,891859122 1 kWh,kWh,66.255,64.995,62.685,82.215,93.345,92.4,88.515,88.305,95.025,106.575,110.88,105.42,119.28,110.565,120.33,118.65,110.88,110.67,109.725,77.07,76.44,76.44,77.49,73.71
432004075,8/18/2018,891859122 1 kWh,kWh,65.94,65.625,65.73,65.415,73.605,73.92,69.93,67.515,68.355,68.355,58.275,57.645,68.46,72.66,87.255,82.53,67.515,66.15,69.09,62.055,58.275,58.065,55.23,57.54
432004075,8/19/2018,891859122 1 kWh,kWh,54.285,53.235,51.345,54.915,61.845,61.74,59.325,54.6,48.09,52.185,47.88,44.205,42.21,42.315,56.7,58.59,64.89,64.89,64.995,57.54,54.285,55.545,53.655,54.18
432004075,8/20/2018,891859122 1 kWh,kWh,54.075,55.02,54.18,75.915,83.58,86.625,83.265,82.74,78.33,84.0,86.94,88.62,92.925,89.355,95.655,99.015,97.86,81.165,78.855,57.96,55.965,56.385,52.5,56.385
432004075,8/21/2018,891859122 1 kWh,kWh,54.39,51.66,51.555,71.925,73.185,74.76,72.87,76.125,82.32,79.38,80.43,80.64,78.96,86.1,90.09,89.25,95.025,99.015,98.175,58.065,57.12,54.39,54.915,55.65
432004075,8/22/2018,891859122 1 kWh,kWh,54.075,51.87,52.5,71.82,73.815,76.545,77.805,78.33,79.38,75.495,79.59,90.72,91.35,95.76,88.41,91.665,104.685,106.575,96.81,66.36,68.145,60.165,59.325,59.85
432004075,8/23/2018,891859122 1 kWh,kWh,55.335,56.805,56.91,76.86,72.03,75.81,80.85,79.905,69.825,81.165,81.48,70.245,76.335,89.145,82.425,90.825,93.03,98.49,83.16,58.17,54.915,53.34,51.765,52.29
432004075,8/24/2018,891859122 1 kWh,kWh,52.71,50.19,51.24,73.5,81.165,85.995,84.525,73.92,76.965,84.84,95.76,90.93,103.95,102.795,105.945,115.815,107.73,99.225,89.985,67.83,63.0,58.905,55.86,54.915
432004075,8/25/2018,891859122 1 kWh,kWh,51.765,51.555,51.345,53.235,59.64,60.27,56.805,48.615,47.145,39.48,39.69,53.025,53.97,53.97,62.475,58.065,69.51,69.72,70.875,63.735,57.54,52.395,52.71,50.715
432004075,8/26/2018,891859122 1 kWh,kWh,50.715,49.56,50.505,48.825,48.72,49.665,42.84,41.58,42.105,40.215,44.1,48.09,57.96,56.91,65.73,66.99,63.63,69.405,70.56,67.2,63.525,63.42,62.685,61.74
432004075,8/27/2018,891859122 1 kWh,kWh,59.64,56.49,56.91,75.705,86.94,92.82,96.39,132.3,128.835,142.38,130.62,143.01,147.945,128.31,125.79,128.73,128.415,127.68,110.46,77.91,76.86,72.66,71.925,71.925
432004075,8/28/2018,891859122 1 kWh,kWh,67.2,64.575,64.155,84.21,90.405,97.125,105.525,119.49,117.285,126.525,136.395,149.835,159.495,157.395,155.82,153.405,149.415,141.75,122.535,91.455,87.57,86.94,82.95,82.635
432004075,8/29/2018,891859122 1 kWh,kWh,80.85,80.115,79.59,97.86,109.41,116.445,139.86,158.34,168.0,170.205,154.77,165.375,166.32,134.82,140.7,130.305,128.94,129.99,124.11,93.345,87.15,85.26,79.275,78.33
432004075,8/30/2018,891859122 1 kWh,kWh,77.91,75.075,72.66,92.19,100.8,104.895,117.18,118.65,115.185,116.025,122.115,136.08,122.955,131.25,135.24,135.24,128.835,126.0,110.985,82.74,76.965,74.76,70.455,70.455
432004075,8/31/2018,891859122 1 kWh,kWh,69.615,62.16,62.37,79.275,79.275,89.355,101.325,102.48,94.605,110.67,93.135,125.475,123.585,103.95,115.5,103.845,99.12,92.505,83.895,60.48,60.165,56.385,53.655,51.87
432004075,9/1/2018,891859122 1 kWh,kWh,52.71,52.395,53.865,53.865,52.5,51.345,47.985,42.735,36.96,38.115,24.675,27.405,43.575,42.42,49.35,50.19,58.065,58.38,57.645,57.015,56.7,55.65,53.025,55.44
432004075,9/2/2018,891859122 1 kWh,kWh,53.13,53.55,53.34,52.395,51.87,35.805,0.0,0.0,0.0,17.01,22.05,28.56,32.13,44.31,47.565,45.99,47.775,50.085,50.4,45.885,46.62,45.36,43.47,43.47
432004075,9/3/2018,891859122 1 kWh,kWh,43.575,41.895,42.42,62.895,67.725,67.83,67.725,60.375,52.71,54.915,61.32,64.365,68.565,73.92,74.13,80.115,84.84,85.89,83.16,55.23,53.025,50.82,52.185,51.765
432004075,9/4/2018,891859122 1 kWh,kWh,50.925,48.51,49.56,68.04,72.45,80.22,100.38,134.505,144.48,139.335,142.275,149.415,160.23,145.32,149.73,148.47,136.185,144.165,120.015,88.2,82.95,79.38,75.495,72.765
432004075,9/5/2018,891859122 1 kWh,kWh,71.715,68.04,68.355,84.945,90.615,99.225,123.48,135.975,140.7,128.52,140.28,154.245,160.44,145.11,138.81,134.4,131.25,123.27,115.605,87.15,81.795,77.805,66.885,65.94
432004075,9/6/2018,891859122 1 kWh,kWh,63.945,62.685,61.95,82.32,89.25,98.385,128.94,140.91,142.8,134.925,144.69,152.775,162.435,156.66,151.515,146.265,136.185,133.245,116.235,89.25,81.585,78.96,76.755,73.08
432004075,9/7/2018,891859122 1 kWh,kWh,70.875,70.245,68.775,85.68,91.875,96.6,123.48,133.77,132.195,134.925,143.43,144.585,139.755,123.27,111.3,109.095,98.175,99.855,86.1,65.835,57.015,55.86,54.18,56.07
432004075,9/8/2018,891859122 1 kWh,kWh,54.705,53.97,53.235,54.18,53.865,53.76,49.665,46.2,44.73,41.37,41.895,45.15,45.045,47.145,46.725,52.71,51.345,54.915,56.805,55.44,55.545,54.6,56.28,54.915
432004075,9/9/2018,891859122 1 kWh,kWh,52.815,52.815,53.55,52.815,53.13,53.13,51.45,48.72,47.88,43.05,44.415,44.31,46.935,49.77,49.035,51.345,57.75,57.645,58.38,57.75,58.485,59.955,55.02,55.965
432004075,9/10/2018,891859122 1 kWh,kWh,55.755,54.39,55.44,75.18,75.18,78.645,77.49,74.76,73.395,73.605,73.395,76.545,71.715,73.185,75.81,75.81,85.68,82.005,78.015,58.485,58.59,60.585,56.805,55.65
432004075,9/11/2018,891859122 1 kWh,kWh,55.335,54.075,54.705,72.87,76.02,83.37,105.42,126.0,120.33,109.62,126.735,129.99,130.515,125.475,118.545,110.985,101.745,91.77,86.625,62.16,56.91,55.755,53.445,53.655
432004075,9/12/2018,891859122 1 kWh,kWh,51.555,51.24,51.24,72.66,73.395,82.95,107.73,124.74,131.88,131.25,135.66,131.67,140.175,126.735,117.18,107.1,94.92,93.45,90.195,62.79,61.635,60.165,59.01,60.06
432004075,9/13/2018,891859122 1 kWh,kWh,57.75,56.595,56.91,77.175,78.96,84.21,114.24,124.005,126.84,120.015,123.585,126.315,133.455,124.425,142.695,141.225,114.03,110.355,100.905,71.505,66.045,66.78,64.89,56.07
432004075,9/14/2018,891859122 1 kWh,kWh,57.225,53.55,53.13,76.86,74.235,85.155,115.92,128.1,154.455,147.105,126.0,130.2,152.04,124.215,116.655,109.41,102.69,94.395,87.15,64.26,59.115,59.85,57.96,56.805
432004075,9/15/2018,891859122 1 kWh,kWh,56.28,54.705,55.755,55.23,55.65,57.225,49.14,43.68,35.805,29.82,34.125,36.75,47.88,49.455,52.71,62.79,61.845,63.525,65.31,62.37,55.755,57.54,55.755,56.175
432004075,9/16/2018,891859122 1 kWh,kWh,56.91,55.125,54.915,55.755,55.23,56.49,50.505,40.95,39.27,35.805,43.575,53.97,64.575,81.9,78.75,87.465,91.455,74.13,69.93,65.1,63.315,61.32,57.96,56.91
432004075,9/17/2018,891859122 1 kWh,kWh,56.595,55.965,56.175,76.965,78.015,89.04,113.505,119.7,121.17,110.25,160.335,169.995,196.56,166.11,145.74,128.52,114.345,111.09,104.37,70.14,69.825,69.93,63.525,59.85
432004075,9/18/2018,891859122 1 kWh,kWh,63.735,58.275,61.635,80.115,88.83,95.13,122.64,163.275,152.985,146.265,164.22,155.925,156.345,140.28,145.005,127.155,114.345,111.825,104.79,74.55,68.46,66.885,63.525,68.04
432004075,9/19/2018,891859122 1 kWh,kWh,61.74,55.02,56.175,80.325,77.595,80.535,76.125,62.895,45.99,45.57,53.34,59.22,80.745,80.955,86.31,85.365,84.735,89.46,84.0,65.31,59.43,61.53,56.175,57.12
432004075,9/20/2018,891859122 1 kWh,kWh,55.545,54.495,55.125,74.865,76.65,87.885,114.765,162.96,122.535,120.855,126.42,116.235,126.315,126.63,133.455,125.265,108.99,107.415,92.61,64.995,57.75,60.585,55.125,55.65
432004075,9/21/2018,891859122 1 kWh,kWh,57.33,55.125,55.335,77.49,76.44,86.625,113.4,117.495,117.915,128.625,149.94,152.145,140.385,126.525,118.545,107.73,102.9,100.8,90.825,64.365,63.735,61.215,56.49,56.28
432004075,9/22/2018,891859122 1 kWh,kWh,57.96,56.385,57.435,58.905,53.655,54.495,52.08,41.055,41.79,35.07,33.18,36.96,28.98,44.415,46.935,49.035,57.12,60.585,60.375,62.475,59.115,60.165,58.275,57.54
432004075,9/23/2018,891859122 1 kWh,kWh,57.96,57.435,57.54,57.54,56.595,58.695,54.81,52.92,51.135,50.61,47.565,47.565,39.06,43.68,50.085,49.875,57.645,58.275,59.745,59.22,58.8,61.005,57.96,58.275
432004075,9/24/2018,891859122 1 kWh,kWh,57.855,57.435,57.54,75.495,76.02,83.37,105.21,128.73,137.865,129.15,136.71,129.465,138.075,127.47,112.56,105.315,103.53,94.5,87.99,65.205,60.795,60.06,58.065,57.645
432004075,9/25/2018,891859122 1 kWh,kWh,56.805,56.175,57.015,75.075,76.23,86.94,109.725,130.935,145.005,128.205,135.765,142.065,145.74,133.77,125.895,113.925,106.995,108.78,95.97,71.085,60.9,59.22,60.27,57.75
432004075,9/26/2018,891859122 1 kWh,kWh,57.645,58.275,55.965,69.72,71.4,80.325,112.77,121.695,126.525,128.835,132.72,129.78,137.55,139.545,131.775,104.79,101.115,92.715,92.61,62.475,63.84,55.965,56.28,55.65
432004075,9/27/2018,891859122 1 kWh,kWh,56.175,54.39,55.125,73.815,76.335,84.525,114.66,126.42,124.11,106.89,100.38,107.73,122.325,120.855,124.005,121.275,105.735,102.27,105.105,78.855,67.83,62.685,62.475,60.165
432004075,9/28/2018,891859122 1 kWh,kWh,60.9,59.535,56.49,72.87,73.815,80.955,107.52,118.86,133.875,129.15,124.425,123.06,128.835,104.79,105.21,104.37,90.93,91.98,82.53,58.695,55.965,55.125,53.97,54.705
432004075,9/29/2018,891859122 1 kWh,kWh,54.39,54.075,53.655,54.495,54.075,56.385,50.61,40.32,32.235,28.14,24.885,26.67,26.25,27.51,35.07,47.145,47.145,56.385,59.745,55.125,56.385,57.12,56.805,55.65
432004075,9/30/2018,891859122 1 kWh,kWh,57.015,55.545,54.915,55.86,55.02,57.015,50.61,41.16,32.445,26.565,22.155,28.35,27.825,35.28,38.535,43.47,47.565,52.395,57.12,50.295,52.71,50.295,51.345,49.245
432004075,10/1/2018,891859122 1 kWh,kWh,51.345,47.67,51.45,65.415,69.3,79.485,112.875,134.505,131.355,121.275,125.16,130.935,131.25,114.45,112.035,106.575,103.215,103.53,94.71,69.405,58.275,54.6,50.925,48.93
432004075,10/2/2018,891859122 1 kWh,kWh,50.4,49.245,51.765,66.15,69.825,77.7,107.625,126.0,145.74,132.615,154.14,131.985,137.97,129.36,115.5,108.045,97.755,98.07,88.2,56.175,52.815,54.285,51.345,52.08
432004075,10/3/2018,891859122 1 kWh,kWh,47.46,51.87,49.875,67.41,69.195,78.33,97.44,111.51,123.69,116.445,121.38,110.67,119.805,107.52,103.32,91.665,95.865,89.985,86.625,61.53,57.225,56.175,54.705,56.91
432004075,10/4/2018,891859122 1 kWh,kWh,56.175,55.335,54.915,73.29,75.18,84.945,108.255,119.175,114.03,108.36,109.095,127.155,126.525,125.79,137.445,137.445,115.605,107.205,87.465,59.43,55.965,55.44,53.97,54.18
432004075,10/5/2018,891859122 1 kWh,kWh,54.705,53.445,53.55,72.555,74.34,82.11,84.63,73.185,72.975,78.015,74.76,75.39,81.165,70.035,66.36,79.8,85.05,80.745,79.8,59.64,59.955,58.59,58.275,60.06
432004075,10/6/2018,891859122 1 kWh,kWh,58.275,57.225,56.91,57.015,56.49,61.005,59.22,53.445,52.395,48.3,45.465,48.72,51.765,54.81,54.705,60.375,61.215,63.84,64.785,59.535,58.17,60.9,61.95,57.54
432004075,10/7/2018,891859122 1 kWh,kWh,57.015,59.43,55.755,59.115,57.75,60.06,57.015,52.29,48.09,43.995,49.14,36.855,28.245,44.1,41.055,50.715,57.12,61.11,59.85,56.805,56.07,56.175,55.65,56.07
432004075,10/8/2018,891859122 1 kWh,kWh,54.39,54.6,56.7,72.66,74.445,80.22,73.92,76.545,80.535,74.025,72.345,75.18,76.965,76.23,78.12,77.91,75.39,79.17,77.28,60.375,61.215,59.43,58.485,57.12
432004075,10/9/2018,891859122 1 kWh,kWh,56.07,55.02,55.545,72.765,74.76,100.275,123.48,142.8,138.81,128.205,128.415,127.68,127.155,121.905,115.08,111.93,110.355,105.945,101.22,73.815,68.04,67.095,66.36,67.62
432004075,10/10/2018,891859122 1 kWh,kWh,64.365,60.06,65.52,82.215,76.65,88.305,120.96,129.78,126.525,123.375,122.955,125.58,149.52,122.115,112.455,105.42,103.215,101.115,99.015,75.18,64.26,65.415,60.585,61.005
432004075,10/11/2018,891859122 1 kWh,kWh,60.165,60.27,58.8,80.535,80.535,89.25,124.845,133.035,135.03,126.525,148.68,147.84,155.295,127.47,140.28,131.88,110.145,108.36,93.555,66.57,63.42,60.165,59.43,55.335
432004075,10/12/2018,891859122 1 kWh,kWh,58.695,55.23,55.755,73.71,75.495,81.48,112.035,127.575,124.845,115.185,106.365,112.665,102.375,96.285,95.445,98.07,94.92,85.68,83.895,61.11,57.54,56.175,56.805,57.015
432004075,10/13/2018,891859122 1 kWh,kWh,56.91,55.755,56.175,56.595,56.7,57.855,55.02,54.075,52.185,50.82,50.4,47.67,41.265,36.33,47.88,81.27,55.755,55.755,57.435,57.015,56.595,56.7,57.33,58.59
432004075,10/14/2018,891859122 1 kWh,kWh,59.745,61.635,59.325,57.33,58.17,58.695,54.915,49.98,39.48,28.98,28.245,27.93,34.65,42.315,45.78,51.765,52.29,56.49,57.96,58.695,58.8,57.54,56.07,57.435
432004075,10/15/2018,891859122 1 kWh,kWh,58.59,58.38,55.86,62.79,64.89,72.555,98.595,139.86,144.06,159.495,169.995,154.665,157.5,136.185,122.85,116.025,108.045,90.93,85.26,64.995,61.74,60.06,56.805,57.75
432004075,10/16/2018,891859122 1 kWh,kWh,56.7,56.28,57.75,72.87,76.02,82.425,103.425,110.04,103.11,101.43,117.285,114.45,116.655,112.035,119.07,115.5,115.71,104.055,93.45,71.4,64.89,63.63,63.945,65.205
432004075,10/17/2018,891859122 1 kWh,kWh,65.625,62.79,64.575,65.205,68.04,81.585,101.535,114.03,106.68,100.065,107.94,116.13,125.58,133.98,113.715,110.985,100.38,93.24,89.565,70.77,66.885,68.355,68.985,68.46
432004075,10/18/2018,891859122 1 kWh,kWh,68.04,63.945,61.53,64.26,66.99,80.115,103.845,117.075,109.83,103.845,98.595,104.685,104.58,99.75,106.47,130.095,113.505,101.85,92.61,74.76,65.835,65.94,66.255,65.94
432004075,10/19/2018,891859122 1 kWh,kWh,64.68,65.835,66.045,68.46,70.245,85.575,107.31,117.075,120.33,108.045,115.185,125.475,137.865,123.375,116.445,115.815,114.45,103.215,101.64,77.28,66.15,59.535,58.8,59.22
432004075,10/20/2018,891859122 1 kWh,kWh,60.375,57.96,58.695,59.115,59.535,64.05,57.75,56.07,50.925,52.815,47.46,46.935,42.63,40.32,45.255,50.715,57.12,59.43,63.42,63.315,61.635,60.69,61.215,60.48
432004075,10/21/2018,891859122 1 kWh,kWh,61.425,59.85,60.69,59.64,60.165,62.895,59.955,64.575,46.305,52.815,46.2,65.205,82.11,74.235,70.875,76.545,70.14,67.515,68.565,71.085,71.715,67.095,65.835,68.04
432004075,10/22/2018,891859122 1 kWh,kWh,67.935,67.62,68.46,72.03,72.66,98.805,121.8,144.585,123.69,121.065,115.5,131.145,135.555,123.06,102.06,105.105,105.525,87.99,75.6,69.3,63.525,62.685,61.845,62.16
432004075,10/23/2018,891859122 1 kWh,kWh,61.215,61.215,62.79,65.625,64.155,80.01,103.32,142.8,109.725,118.23,127.26,132.615,142.8,126.84,114.135,112.56,109.62,101.64,87.99,69.195,62.37,64.155,64.05,63.525
432004075,10/24/2018,891859122 1 kWh,kWh,63.315,61.74,61.635,65.625,67.2,89.88,109.41,116.13,120.12,115.08,128.1,134.19,147.945,129.15,134.82,121.59,106.995,90.72,88.725,67.725,64.995,65.94,63.105,65.625
432004075,10/25/2018,891859122 1 kWh,kWh,64.995,63.525,65.205,68.775,67.935,87.78,116.97,124.635,122.64,118.545,106.05,112.875,126.21,120.225,124.215,128.415,119.7,95.655,84.21,67.305,61.635,64.995,61.32,62.265
432004075,10/26/2018,891859122 1 kWh,kWh,63.315,63.84,63.0,66.045,66.255,87.99,123.69,131.355,130.515,124.215,131.145,121.275,123.375,115.605,121.695,121.275,116.445,93.765,84.315,65.1,60.585,60.48,64.68,61.845
432004075,10/27/2018,891859122 1 kWh,kWh,60.06,61.215,60.795,61.215,61.005,64.47,60.9,58.38,56.91,57.75,52.29,55.965,57.435,58.17,61.425,60.06,63.735,63.63,63.21,64.47,61.005,62.055,60.48,63.525
432004075,10/28/2018,891859122 1 kWh,kWh,61.845,61.95,62.265,60.48,59.535,62.055,57.33,55.65,53.445,52.92,49.35,50.82,46.515,46.095,64.47,71.085,59.64,60.375,60.585,62.475,60.375,60.375,59.01,59.745
432004075,10/29/2018,891859122 1 kWh,kWh,60.165,59.01,59.535,74.76,72.24,101.64,133.875,162.855,173.04,158.235,156.24,150.57,150.36,133.35,128.835,129.57,125.895,95.655,89.46,67.62,67.41,65.205,61.845,62.895
432004075,10/30/2018,891859122 1 kWh,kWh,64.365,63.63,64.785,66.57,66.99,89.67,112.875,128.1,116.445,117.39,124.005,117.915,145.11,125.055,129.255,129.99,119.175,92.925,83.475,64.155,59.745,58.905,58.17,57.855
432004075,10/31/2018,891859122 1 kWh,kWh,58.17,58.17,58.38,62.895,62.475,93.555,125.265,140.07,131.67,129.045,121.065,134.295,132.825,106.155,109.62,106.575,108.465,85.155,81.375,62.895,58.485,56.28,54.6,57.75
432004075,11/1/2018,891859122 1 kWh,kWh,53.76,52.71,54.6,70.455,71.82,101.85,124.11,158.55,148.365,138.18,134.925,141.12,151.725,143.64,145.11,155.715,145.845,98.175,82.005,60.795,51.03,51.345,52.29,51.87
432004075,11/2/2018,891859122 1 kWh,kWh,52.08,51.03,51.135,68.355,68.565,93.03,103.74,119.175,126.945,152.25,145.005,142.275,143.535,136.185,118.86,107.52,101.745,75.6,73.185,52.92,54.285,55.125,53.235,53.76
432004075,11/3/2018,891859122 1 kWh,kWh,54.81,54.915,53.655,53.34,54.285,55.44,52.5,52.71,50.19,50.4,47.88,46.095,30.87,42.84,45.99,57.12,55.125,57.435,59.22,56.91,57.33,56.91,55.965,57.225
432004075,11/4/2018,891859122 1 kWh,kWh,58.17,56.595,56.595,55.44,55.02,56.91,55.23,45.045,36.855,30.87,26.775,28.875,33.915,33.705,38.43,50.61,51.87,57.015,56.28,59.535,62.37,58.59,57.225,56.49
432004075,11/5/2018,891859122 1 kWh,kWh,56.595,56.07,56.07,60.585,57.96,58.38,97.125,121.695,145.215,147.21,155.925,160.755,146.37,145.845,132.195,123.165,110.985,105.945,80.22,67.935,64.785,56.91,57.54,57.015
432004075,11/6/2018,891859122 1 kWh,kWh,56.175,54.81,54.705,61.74,58.695,59.22,88.83,117.075,143.115,146.685,146.79,160.755,160.335,166.53,153.51,138.285,126.0,118.965,91.245,67.2,62.475,57.75,57.645,58.17
432004075,11/7/2018,891859122 1 kWh,kWh,55.44,55.65,55.02,70.875,70.875,73.08,103.005,127.26,135.45,129.78,120.015,120.54,127.89,142.695,132.405,139.125,121.695,115.5,89.145,71.82,66.885,61.845,62.37,62.265
432004075,11/8/2018,891859122 1 kWh,kWh,63.525,56.28,56.28,72.87,65.52,62.16,85.47,108.465,122.115,122.64,132.3,123.375,126.945,142.275,134.19,144.06,143.85,127.26,90.3,68.46,63.315,57.645,55.02,56.7
432004075,11/9/2018,891859122 1 kWh,kWh,58.065,57.33,57.645,60.27,59.955,61.53,90.72,112.56,115.29,126.945,126.63,136.5,153.3,145.005,133.455,137.025,128.73,122.43,86.94,70.035,58.38,53.865,54.39,53.55
432004075,11/10/2018,891859122 1 kWh,kWh,53.13,53.445,52.08,54.18,50.715,54.075,54.81,49.98,33.705,38.115,31.185,26.565,28.245,38.745,46.725,53.97,54.705,56.7,55.755,59.22,58.59,56.07,57.225,56.49
432004075,11/11/2018,891859122 1 kWh,kWh,59.64,55.965,57.225,56.175,57.12,58.485,57.54,47.355,37.59,30.345,27.3,25.515,28.665,30.975,42.735,52.605,52.29,57.33,55.65,56.7,56.805,57.015,58.275,58.695
432004075,11/12/2018,891859122 1 kWh,kWh,59.01,61.005,59.325,62.58,61.11,62.895,84.0,76.23,68.04,59.535,54.39,55.44,54.18,60.795,70.98,82.11,84.105,87.675,61.32,53.76,53.13,53.13,55.335,54.495
432004075,11/13/2018,891859122 1 kWh,kWh,54.285,52.71,55.125,56.175,55.44,56.49,82.635,108.465,132.615,138.6,141.75,139.86,139.125,156.24,151.725,165.27,157.605,160.125,109.515,74.55,72.24,65.31,60.165,58.8
432004075,11/14/2018,891859122 1 kWh,kWh,57.645,56.175,57.225,60.375,60.165,63.525,89.775,111.825,124.635,124.635,128.205,138.705,131.46,143.535,141.645,131.565,118.125,101.85,80.43,71.295,65.415,59.85,59.85,64.05
432004075,11/15/2018,891859122 1 kWh,kWh,60.27,60.375,60.48,63.63,63.21,65.31,95.445,112.14,139.44,133.56,140.805,136.08,134.61,146.37,128.52,105.315,93.45,96.39,76.965,71.715,68.985,64.89,63.84,63.63
432004075,11/16/2018,891859122 1 kWh,kWh,63.105,62.16,61.32,61.635,62.79,63.945,87.36,90.51,91.98,116.34,138.705,137.97,142.905,143.115,134.505,122.64,113.505,107.205,83.055,65.52,63.525,60.69,58.8,58.8
432004075,11/17/2018,891859122 1 kWh,kWh,58.59,58.485,56.49,57.96,57.645,58.275,59.535,55.65,53.235,53.025,51.555,52.605,53.55,53.865,52.92,54.39,54.705,59.325,58.695,56.7,60.795,58.38,59.85,58.275
432004075,11/18/2018,891859122 1 kWh,kWh,59.01,60.69,58.59,58.17,57.96,59.325,60.585,58.17,56.595,67.83,65.94,68.67,65.52,61.74,59.43,57.12,59.22,62.895,59.745,64.68,58.8,56.805,56.91,58.38
432004075,11/19/2018,891859122 1 kWh,kWh,59.43,56.91,57.015,59.745,60.795,60.9,86.625,105.735,139.23,148.365,135.555,144.27,140.28,144.585,138.81,130.725,132.93,111.72,83.58,66.57,60.585,59.43,58.905,58.38
432004075,11/20/2018,891859122 1 kWh,kWh,57.015,55.65,55.65,59.01,59.01,60.165,86.52,113.4,132.405,147.315,147.105,135.345,128.835,134.82,136.185,119.805,106.575,103.425,82.11,68.775,64.575,62.37,64.365,62.58
432004075,11/21/2018,891859122 1 kWh,kWh,59.43,59.01,60.06,61.32,61.74,62.475,85.89,79.38,73.605,72.975,70.035,75.705,64.05,68.565,71.4,74.76,76.755,81.27,60.06,57.75,57.225,59.115,62.055,62.79
432004075,11/22/2018,891859122 1 kWh,kWh,62.265,60.9,61.845,63.84,65.73,66.99,83.58,76.125,68.985,61.845,55.23,54.075,53.445,60.585,68.04,77.28,82.005,87.045,64.47,60.48,61.005,62.16,63.945,64.365
432004075,11/23/2018,891859122 1 kWh,kWh,63.735,63.735,65.31,68.565,65.205,68.775,88.725,81.375,73.29,67.2,60.375,58.17,59.535,60.585,67.2,75.18,78.015,81.9,62.475,55.86,60.165,56.595,61.425,60.69
432004075,11/24/2018,891859122 1 kWh,kWh,58.8,60.27,60.165,60.585,60.06,61.845,61.11,55.965,48.825,45.045,37.59,44.1,49.56,48.93,51.03,52.185,55.44,61.215,60.795,56.28,59.22,56.49,54.39,56.385
432004075,11/25/2018,891859122 1 kWh,kWh,55.65,54.915,55.335,54.39,54.285,55.65,56.28,49.98,48.51,47.775,45.255,47.355,38.43,47.985,52.395,61.005,67.2,54.915,53.655,53.97,55.44,55.335,56.595,54.705
432004075,11/26/2018,891859122 1 kWh,kWh,54.6,53.76,54.915,57.225,55.965,58.695,84.735,112.455,127.68,137.55,139.02,145.005,151.2,158.76,146.79,142.59,127.05,117.6,78.435,73.29,65.835,63.0,61.74,59.745
432004075,11/27/2018,891859122 1 kWh,kWh,59.43,57.75,57.015,61.74,59.745,61.32,87.255,115.08,128.31,130.095,118.44,131.565,131.88,133.14,135.135,142.485,139.02,118.755,95.445,69.51,64.89,63.105,65.415,65.835
432004075,11/28/2018,891859122 1 kWh,kWh,61.11,64.785,60.27,64.26,62.58,65.415,93.24,117.285,144.795,140.175,141.225,139.125,147.42,144.795,131.775,125.37,116.655,120.015,86.205,70.665,66.045,60.165,63.0,61.215
432004075,11/29/2018,891859122 1 kWh,kWh,59.955,60.375,59.745,65.625,64.89,66.36,89.775,117.6,129.57,126.735,121.695,130.41,139.755,139.44,136.5,132.51,120.015,111.195,86.1,73.08,63.735,63.105,64.68,61.215
432004075,11/30/2018,891859122 1 kWh,kWh,60.165,60.69,60.48,64.365,64.26,68.985,92.925,112.56,112.245,109.515,121.065,127.05,131.88,137.655,121.905,116.13,114.345,110.25,87.36,80.85,72.345,71.61,61.215,59.22
432004075,12/1/2018,891859122 1 kWh,kWh,60.165,61.005,60.375,61.95,60.27,62.79,63.525,55.125,54.705,58.485,51.66,49.77,43.47,40.215,47.25,53.445,55.545,64.05,69.51,70.665,71.925,72.45,64.05,60.48
432004075,12/2/2018,891859122 1 kWh,kWh,60.585,59.115,56.175,59.955,56.7,58.905,57.75,56.175,53.55,50.715,53.445,53.97,55.965,50.505,52.08,57.54,54.285,58.59,58.695,59.64,59.85,58.905,55.545,59.43
432004075,12/3/2018,891859122 1 kWh,kWh,55.755,54.285,61.32,62.475,58.275,59.01,85.26,106.68,138.18,127.68,125.475,150.255,136.08,145.215,136.92,143.85,124.53,123.585,94.395,70.56,63.0,57.96,59.43,57.33
432004075,12/4/2018,891859122 1 kWh,kWh,61.005,58.8,58.275,60.585,60.27,61.215,90.09,126.0,136.185,131.145,119.805,120.12,127.68,132.405,131.145,124.11,114.765,109.83,83.58,71.715,69.825,65.1,65.52,65.625
432004075,12/5/2018,891859122 1 kWh,kWh,65.52,63.84,65.52,67.2,68.775,72.345,96.81,120.96,123.9,133.245,127.47,126.63,132.51,142.485,145.635,123.06,120.12,115.605,90.09,78.33,79.38,70.77,65.73,63.945
432004075,12/6/2018,891859122 1 kWh,kWh,65.205,66.255,65.205,69.51,69.93,71.925,92.61,116.76,122.115,120.54,120.015,124.005,138.495,145.635,130.935,134.4,134.715,124.215,126.945,109.725,86.1,68.145,62.685,62.16
432004075,12/7/2018,891859122 1 kWh,kWh,62.895,61.11,64.26,64.365,67.62,64.89,90.3,111.51,131.145,129.045,134.505,128.625,143.535,148.05,150.57,150.57,130.2,114.765,92.19,78.54,78.015,69.72,69.3,64.995
432004075,12/8/2018,891859122 1 kWh,kWh,67.41,66.255,65.625,66.885,66.57,68.355,67.725,65.94,61.74,51.45,49.455,53.13,56.7,52.5,58.065,64.995,70.875,73.815,72.87,74.235,70.875,71.19,71.715,72.555
432004075,12/9/2018,891859122 1 kWh,kWh,72.66,71.61,72.975,72.66,72.975,72.135,71.61,69.195,63.525,59.85,58.695,52.92,55.65,57.54,61.635,67.41,70.455,73.395,73.185,71.82,71.295,71.505,73.395,71.295
432004075,12/10/2018,891859122 1 kWh,kWh,73.29,72.03,72.45,72.555,74.025,77.175,101.535,136.92,137.97,126.735,122.745,133.455,143.535,140.175,140.7,126.105,138.075,118.02,94.71,79.695,72.66,66.78,74.34,68.25
432004075,12/11/2018,891859122 1 kWh,kWh,66.465,66.255,66.99,71.19,70.665,70.875,92.085,125.58,125.265,124.53,129.57,120.015,126.735,135.87,138.81,132.615,131.04,120.645,104.685,86.52,84.735,75.81,78.015,72.135
432004075,12/12/2018,891859122 1 kWh,kWh,66.255,65.835,66.465,68.355,68.565,69.825,92.715,121.275,130.095,145.005,115.185,113.085,125.58,134.19,135.345,119.49,108.57,103.635,80.955,73.92,74.445,71.61,65.415,68.88
432004075,12/13/2018,891859122 1 kWh,kWh,66.465,66.36,67.725,69.93,77.49,91.245,97.335,112.875,137.55,148.47,155.295,144.27,150.78,152.25,150.57,150.675,135.555,124.005,92.085,78.33,71.61,69.825,72.765,71.295
432004075,12/14/2018,891859122 1 kWh,kWh,68.355,70.14,68.88,70.77,78.54,85.995,92.925,119.07,139.965,145.635,150.255,158.655,169.68,176.295,149.94,140.805,127.995,109.83,88.095,70.56,65.835,62.265,61.845,64.89
432004075,12/15/2018,891859122 1 kWh,kWh,61.32,63.105,63.0,62.475,64.365,62.37,63.315,61.005,59.01,59.325,53.235,57.435,55.965,57.12,56.49,58.275,59.64,62.475,63.315,61.53,62.055,61.005,62.475,63.945
432004075,12/16/2018,891859122 1 kWh,kWh,62.265,64.575,63.21,63.63,63.105,63.84,65.31,61.845,60.585,60.375,59.64,57.75,61.215,58.695,60.48,61.005,63.21,66.885,67.095,64.68,67.2,66.78,66.36,65.205
432004075,12/17/2018,891859122 1 kWh,kWh,63.945,63.84,64.575,68.67,73.92,82.32,88.515,113.925,133.14,139.335,152.67,147.63,164.01,176.295,174.72,161.7,124.11,117.075,92.295,72.03,75.075,70.35,70.77,70.875
432004075,12/18/2018,891859122 1 kWh,kWh,70.77,70.035,70.35,73.185,80.115,88.2,103.95,140.385,144.795,143.85,125.37,132.51,133.245,141.645,146.79,139.545,117.81,116.13,91.665,78.015,76.335,74.13,73.5,71.085
432004075,12/19/2018,891859122 1 kWh,kWh,69.825,70.14,69.825,74.025,80.85,87.885,99.645,124.845,140.385,143.01,129.045,132.93,130.515,132.93,128.415,125.475,121.905,118.23,96.6,84.42,72.765,70.56,69.09,71.82
432004075,12/20/2018,891859122 1 kWh,kWh,70.035,67.095,69.405,72.66,78.645,86.52,92.085,126.84,157.395,139.965,126.105,132.825,146.79,155.925,154.245,142.275,130.83,109.2,86.205,73.29,69.93,62.685,64.365,64.89
432004075,12/21/2018,891859122 1 kWh,kWh,66.045,63.63,64.155,65.625,72.555,81.375,95.025,116.235,150.99,168.945,157.5,147.84,149.415,141.435,135.135,113.82,108.465,105.525,87.465,65.52,66.36,67.515,70.14,66.57
432004075,12/22/2018,891859122 1 kWh,kWh,65.94,63.21,64.365,64.365,64.26,65.415,64.05,63.63,60.48,62.055,51.87,53.13,54.39,60.585,52.815,61.005,65.94,68.67,69.615,67.2,66.885,67.095,66.57,68.25
432004075,12/23/2018,891859122 1 kWh,kWh,68.25,67.725,68.04,68.145,68.04,69.405,70.665,67.725,61.845,57.645,54.075,45.255,45.78,44.625,54.285,61.425,66.15,69.09,66.36,69.09,68.775,67.935,67.095,69.405
432004075,12/24/2018,891859122 1 kWh,kWh,67.515,66.045,68.04,70.245,78.33,86.835,88.515,87.675,86.625,84.735,86.415,83.685,79.695,74.13,70.665,77.49,81.375,84.315,67.095,63.105,63.315,66.15,66.78,66.675
432004075,12/25/2018,891859122 1 kWh,kWh,66.57,66.675,66.57,68.775,77.28,84.42,85.575,81.375,74.34,66.57,61.215,60.48,60.48,64.995,69.3,78.75,81.795,84.735,68.985,63.84,63.63,67.725,67.83,68.145
432004075,12/26/2018,891859122 1 kWh,kWh,66.255,67.2,68.46,69.93,77.91,85.785,88.83,84.735,76.65,80.955,68.145,64.68,61.425,68.775,78.54,79.905,81.165,84.63,67.41,63.735,63.63,66.885,65.1,66.99
432004075,12/27/2018,891859122 1 kWh,kWh,67.2,66.15,66.255,69.405,77.175,86.73,88.515,83.475,76.02,69.93,64.995,63.945,62.16,71.505,76.86,79.905,82.53,84.945,67.41,64.05,62.16,64.89,65.625,64.365
432004075,12/28/2018,891859122 1 kWh,kWh,64.89,64.365,63.315,67.2,73.605,81.795,83.16,81.69,81.795,81.165,82.005,81.165,81.375,85.575,87.675,87.99,89.25,94.5,74.235,59.01,57.33,63.315,61.74,64.05
432004075,12/29/2018,891859122 1 kWh,kWh,61.845,63.0,61.425,62.37,60.9,63.63,63.945,61.425,56.175,43.995,38.01,43.995,51.765,53.76,51.03,58.275,61.95,67.725,64.365,64.365,63.0,64.785,65.52,65.205
432004075,12/30/2018,891859122 1 kWh,kWh,64.785,64.68,64.47,65.1,64.995,66.78,66.36,64.575,61.95,58.275,55.755,56.595,56.07,53.865,57.54,59.325,63.0,66.99,64.785,64.785,64.26,64.575,64.26,66.885
432004075,12/31/2018,891859122 1 kWh,kWh,66.465,65.625,67.41,69.825,78.12,86.1,87.045,84.63,82.95,76.02,76.02,75.81,75.39,77.385,78.225,77.175,80.01,84.0,65.835,61.425,63.735,61.11,63.0,64.155
432004075,1/1/2019,891859122 1 kWh,kWh,63.105,62.37,62.055,65.1,70.35,77.49,79.275,76.755,79.905,82.005,81.9,74.13,68.985,74.655,75.915,74.445,78.12,81.795,65.205,60.585,62.895,61.845,64.89,66.255
432004075,1/2/2019,891859122 1 kWh,kWh,64.575,64.995,65.52,69.195,77.49,84.0,86.31,86.52,80.22,76.755,73.815,75.495,69.51,76.02,81.27,80.43,81.27,85.365,67.83,65.52,63.105,66.465,64.26,67.305
432004075,1/3/2019,891859122 1 kWh,kWh,64.89,64.155,64.89,67.62,75.285,84.735,84.21,81.69,80.43,82.53,78.75,67.305,74.34,77.91,81.69,80.85,82.74,84.945,67.83,64.155,62.475,66.15,67.095,67.935
432004075,1/4/2019,891859122 1 kWh,kWh,67.62,64.89,66.675,69.51,80.115,84.315,86.835,82.32,80.85,72.03,70.35,72.24,69.72,76.44,76.965,78.645,80.43,81.9,63.315,60.9,59.745,59.955,63.105,63.84
432004075,1/5/2019,891859122 1 kWh,kWh,61.845,61.53,62.055,61.74,62.055,63.735,63.21,61.11,59.64,61.005,60.9,63.84,63.42,60.9,63.525,60.585,63.84,68.565,65.52,64.89,64.155,64.155,63.945,65.31
432004075,1/6/2019,891859122 1 kWh,kWh,68.46,65.625,65.835,66.57,69.615,69.93,67.305,65.1,60.27,61.53,58.905,57.75,45.885,47.985,60.27,68.67,71.085,73.185,72.975,74.445,77.175,75.705,74.97,72.135
432004075,1/7/2019,891859122 1 kWh,kWh,67.83,69.93,69.3,72.03,80.115,89.775,97.965,127.995,136.29,146.685,138.495,125.58,137.865,134.925,131.355,128.1,122.955,118.02,88.62,79.905,82.53,76.125,75.18,74.865
432004075,1/8/2019,891859122 1 kWh,kWh,72.765,70.56,70.665,73.29,80.01,88.515,95.445,124.005,144.795,142.38,134.505,144.27,147.525,147.0,138.705,124.005,125.37,114.24,98.7,77.28,69.3,70.56,69.93,71.085
432004075,1/9/2019,891859122 1 kWh,kWh,67.83,69.195,68.46,70.035,75.705,86.73,93.66,119.07,131.145,123.48,131.67,127.89,126.945,125.37,119.91,110.88,103.635,105.105,83.475,78.015,73.08,67.515,69.615,69.72
432004075,1/10/2019,891859122 1 kWh,kWh,68.25,67.935,68.67,70.665,78.75,88.41,98.595,123.06,137.13,137.34,133.455,140.91,140.7,148.365,129.045,134.82,123.375,117.075,93.66,75.495,73.395,69.93,70.245,72.765
432004075,1/11/2019,891859122 1 kWh,kWh,70.56,70.875,71.82,74.445,81.795,88.095,97.965,125.055,139.335,138.285,127.155,127.575,143.64,134.505,127.05,127.26,123.165,113.61,87.15,75.18,74.76,69.615,72.45,73.395
432004075,1/12/2019,891859122 1 kWh,kWh,73.29,70.875,71.505,70.455,70.77,69.93,71.505,69.615,67.2,64.47,59.64,56.28,53.97,50.19,55.02,65.205,75.075,73.605,72.975,71.505,70.56,71.925,71.19,72.765
432004075,1/13/2019,891859122 1 kWh,kWh,70.98,71.61,72.45,70.35,71.085,73.395,72.66,70.035,65.625,61.635,55.65,46.305,52.395,54.6,65.625,69.3,72.45,75.285,74.025,70.875,73.185,71.715,71.61,70.455
432004075,1/14/2019,891859122 1 kWh,kWh,70.245,71.82,70.77,72.66,79.38,88.62,100.275,133.35,139.125,143.43,136.395,130.935,134.19,138.6,138.705,126.105,124.32,130.41,99.435,84.84,81.48,81.06,70.875,71.19
432004075,1/15/2019,891859122 1 kWh,kWh,72.135,70.35,73.605,73.605,81.375,91.035,99.435,120.75,132.825,126.84,122.85,141.015,126.84,130.83,124.53,126.84,123.69,113.085,89.04,81.375,77.28,70.035,70.77,68.565
432004075,1/16/2019,891859122 1 kWh,kWh,71.085,67.725,67.2,69.615,77.805,86.205,91.35,118.545,143.43,149.625,136.92,135.66,148.575,145.95,141.225,116.55,110.565,103.635,81.9,76.44,72.66,71.925,70.035,68.46
432004075,1/17/2019,891859122 1 kWh,kWh,68.88,70.14,69.825,71.505,79.485,88.83,96.075,125.475,138.18,133.875,128.205,124.53,140.385,130.515,127.05,126.315,125.055,119.385,88.305,83.37,82.11,76.125,74.97,75.81
432004075,1/18/2019,891859122 1 kWh,kWh,75.915,75.705,76.545,77.91,87.045,90.3,93.345,115.395,140.385,131.67,146.16,133.035,139.23,147.105,128.31,110.355,105.105,105.63,82.845,78.12,75.39,73.185,71.295,69.195
432004075,1/19/2019,891859122 1 kWh,kWh,63.21,62.895,63.21,62.37,61.845,64.365,64.26,61.425,58.065,58.065,55.755,61.845,57.33,54.39,57.54,59.64,62.265,66.255,64.575,66.465,64.47,64.47,66.465,66.15
432004075,1/20/2019,891859122 1 kWh,kWh,65.205,63.84,63.84,64.155,64.365,64.995,69.195,64.26,62.895,64.05,64.575,64.05,67.935,67.62,64.785,67.305,68.04,71.295,72.555,69.93,71.19,73.29,69.93,71.295
432004075,1/21/2019,891859122 1 kWh,kWh,71.4,71.82,71.19,71.085,80.64,91.14,93.135,90.09,88.095,89.775,92.19,91.245,88.62,89.25,91.665,87.675,87.885,91.875,75.18,70.56,72.66,72.45,74.025,72.345
432004075,1/22/2019,891859122 1 kWh,kWh,72.135,72.03,71.715,72.555,80.535,89.775,98.805,126.84,139.335,146.895,155.085,151.62,152.67,145.53,139.545,139.65,125.895,116.655,101.535,89.775,86.31,80.64,78.75,80.745
432004075,1/23/2019,891859122 1 kWh,kWh,80.745,79.695,80.535,81.9,89.88,92.4,98.175,122.955,130.62,149.205,141.435,144.165,145.425,143.535,124.11,118.44,115.5,105.735,81.06,71.61,71.82,67.725,66.045,66.57
432004075,1/24/2019,891859122 1 kWh,kWh,65.52,66.885,65.1,66.78,73.395,82.215,88.725,116.445,127.995,141.015,146.79,154.665,154.245,152.67,150.57,138.705,129.15,129.15,96.18,85.785,82.11,78.645,74.235,76.86
432004075,1/25/2019,891859122 1 kWh,kWh,70.56,65.415,66.885,67.62,75.81,84.315,91.665,107.94,121.38,118.02,113.61,103.845,101.22,111.825,112.56,118.44,112.56,103.11,81.27,74.55,69.3,66.045,66.255,69.615
432004075,1/26/2019,891859122 1 kWh,kWh,66.36,66.99,66.99,66.78,66.99,69.405,71.4,79.17,97.755,87.15,90.825,78.96,68.565,77.07,88.725,91.35,82.74,85.365,74.235,72.03,71.505,69.615,69.615,68.04
432004075,1/27/2019,891859122 1 kWh,kWh,69.615,67.83,68.25,68.88,68.46,96.18,86.52,104.475,112.77,86.415,82.32,74.55,93.45,90.195,80.64,72.135,73.815,75.705,73.815,74.55,66.57,69.72,68.67,66.99
432004075,1/28/2019,891859122 1 kWh,kWh,66.255,67.305,67.62,72.555,78.33,87.57,97.23,128.94,145.11,134.19,132.09,130.725,131.775,133.77,128.415,118.86,118.86,114.765,94.08,77.07,78.855,73.08,71.295,71.19
432004075,1/29/2019,891859122 1 kWh,kWh,74.76,71.19,71.19,72.135,80.325,89.04,97.335,122.955,144.27,148.05,147.84,138.915,144.795,147.21,131.25,124.95,120.75,123.69,99.12,85.68,76.755,71.4,67.83,68.67
432004075,1/30/2019,891859122 1 kWh,kWh,68.04,65.52,68.145,68.67,78.12,88.83,97.755,125.475,139.44,137.34,121.59,116.865,124.845,125.265,126.105,100.59,96.39,103.53,81.375,80.535,76.965,77.175,73.395,72.87
432004075,1/31/2019,891859122 1 kWh,kWh,73.5,73.5,74.76,74.445,83.475,90.615,98.385,99.855,120.54,131.565,141.96,127.575,131.565,137.13,128.835,132.51,133.77,132.825,111.615,99.225,89.04,82.74,85.05,81.585
432004075,2/1/2019,891859122 1 kWh,kWh,73.815,73.71,72.87,74.76,81.27,89.46,98.49,122.43,131.145,131.25,115.29,119.385,123.48,116.55,115.5,112.98,106.785,103.95,91.035,80.325,79.485,73.08,72.345,73.08
432004075,2/2/2019,891859122 1 kWh,kWh,70.77,72.03,71.295,71.715,70.665,71.925,70.77,69.72,61.95,54.915,50.61,47.145,50.61,49.77,56.91,66.045,70.56,73.29,74.865,71.505,67.41,69.825,69.3,68.145
432004075,2/3/2019,891859122 1 kWh,kWh,67.62,67.41,66.57,66.675,67.2,65.835,65.52,63.42,59.64,54.81,55.335,51.135,47.88,55.545,63.945,68.565,78.75,67.62,64.785,65.73,64.68,64.89,68.46,64.68
432004075,2/4/2019,891859122 1 kWh,kWh,66.15,65.415,67.2,68.145,70.875,74.025,85.575,110.565,117.6,122.85,113.19,128.1,135.765,140.7,127.155,145.32,144.48,137.865,98.07,72.135,69.72,68.775,67.2,66.36
432004075,2/5/2019,891859122 1 kWh,kWh,65.205,65.835,66.885,68.775,71.4,80.43,86.1,113.925,122.64,124.635,119.175,123.48,129.045,131.565,127.785,132.72,131.46,126.84,94.5,72.345,69.51,66.465,65.1,65.73
432004075,2/6/2019,891859122 1 kWh,kWh,65.31,65.31,66.99,69.195,72.87,81.165,88.515,108.255,119.175,113.925,102.375,103.845,114.66,116.025,116.34,108.99,103.425,105.945,92.505,85.155,69.51,66.15,67.62,63.315
432004075,2/7/2019,891859122 1 kWh,kWh,63.0,64.26,64.155,66.255,69.09,78.855,88.41,116.34,131.67,135.975,126.315,132.825,137.97,147.525,126.735,119.91,117.6,111.72,93.345,81.48,77.91,71.61,77.385,70.245
432004075,2/8/2019,891859122 1 kWh,kWh,68.46,68.145,67.305,70.35,76.44,83.16,92.4,115.815,134.295,150.885,151.2,135.24,125.265,116.55,114.45,119.07,126.735,113.505,98.7,99.33,91.875,74.13,71.295,69.825
432004075,2/9/2019,891859122 1 kWh,kWh,70.665,70.455,70.56,70.98,71.61,71.61,70.98,66.36,54.285,48.825,41.475,40.32,40.53,40.95,47.46,56.385,70.665,74.025,85.26,97.23,87.045,75.81,73.5,73.29
432004075,2/10/2019,891859122 1 kWh,kWh,75.18,72.45,72.765,72.765,72.66,72.975,72.87,66.57,56.7,48.195,42.735,43.785,49.875,65.1,71.82,67.2,65.835,72.555,73.395,71.925,74.655,74.235,74.655,71.715
432004075,2/11/2019,891859122 1 kWh,kWh,70.77,71.4,72.975,73.08,80.955,88.2,95.235,128.31,142.695,152.985,135.66,128.52,128.835,135.345,116.655,130.41,118.545,116.76,93.03,76.44,71.085,71.715,69.615,70.035
432004075,2/12/2019,891859122 1 kWh,kWh,70.665,70.875,71.295,73.08,81.375,89.04,94.08,92.19,90.51,92.505,92.82,90.615,93.45,88.935,88.095,86.415,86.73,90.72,72.66,69.405,73.08,69.09,70.035,70.035
432004075,2/13/2019,891859122 1 kWh,kWh,69.195,69.72,67.515,66.885,74.76,82.53,87.36,96.39,117.6,135.87,145.425,143.43,148.575,143.535,134.19,111.72,112.56,112.035,85.365,76.755,72.03,69.93,67.41,66.36
432004075,2/14/2019,891859122 1 kWh,kWh,66.255,66.57,67.095,70.035,77.385,84.315,91.665,117.81,119.385,134.505,120.225,120.015,112.14,115.395,113.4,115.815,113.715,112.245,90.09,78.33,74.97,70.245,70.665,70.98
432004075,2/15/2019,891859122 1 kWh,kWh,67.725,68.46,67.725,69.825,76.545,86.1,91.35,111.825,119.175,114.765,115.185,129.15,130.095,125.685,100.065,115.185,118.545,110.775,82.95,70.245,67.83,66.78,68.88,65.94
432004075,2/16/2019,891859122 1 kWh,kWh,67.305,66.57,66.99,67.41,66.675,66.78,65.415,60.585,49.35,41.055,37.065,36.435,35.805,34.545,41.37,51.03,61.53,67.2,67.095,68.145,69.615,69.195,71.295,73.08
432004075,2/17/2019,891859122 1 kWh,kWh,70.875,69.93,70.665,69.51,71.295,69.615,69.3,61.005,50.295,42.525,36.75,34.965,35.91,40.005,47.145,50.715,61.53,67.62,66.15,66.57,67.41,67.83,67.305,69.09
432004075,2/18/2019,891859122 1 kWh,kWh,66.675,68.04,68.04,69.72,76.44,83.895,87.045,85.89,84.21,84.0,83.685,83.16,81.69,81.375,79.59,80.64,82.845,86.625,70.14,65.625,66.045,69.93,67.725,68.985
432004075,2/19/2019,891859122 1 kWh,kWh,67.62,67.935,68.565,70.35,77.49,85.575,92.505,121.695,137.55,140.28,133.98,132.195,132.825,133.56,117.075,116.865,124.53,123.375,91.98,77.805,76.02,74.13,73.605,71.505
432004075,2/20/2019,891859122 1 kWh,kWh,70.56,70.245,70.56,70.245,78.435,85.365,94.71,117.18,145.74,145.005,135.87,133.035,133.98,138.915,139.65,123.06,106.47,107.1,81.06,75.81,77.7,69.405,66.99,66.78
432004075,2/21/2019,891859122 1 kWh,kWh,66.465,67.515,68.355,67.41,77.175,82.845,88.2,99.645,111.93,131.565,123.585,121.17,125.58,123.585,107.94,107.31,128.73,116.97,100.8,77.91,68.145,64.995,66.36,68.355
432004075,2/22/2019,891859122 1 kWh,kWh,65.205,64.995,65.1,66.675,76.23,83.475,89.985,111.72,131.04,127.155,102.585,114.765,116.55,130.305,118.86,117.285,117.39,113.82,82.32,75.285,68.355,65.73,67.41,64.365
432004075,2/23/2019,891859122 1 kWh,kWh,64.365,64.575,63.84,62.37,64.785,64.68,64.995,57.54,50.085,43.575,40.845,40.215,42.525,41.475,46.725,51.345,57.54,63.945,63.63,65.31,65.52,62.79,63.315,63.105
432004075,2/24/2019,891859122 1 kWh,kWh,62.265,61.74,64.155,64.155,63.0,63.84,64.785,61.95,60.69,59.43,60.585,55.545,55.755,58.275,57.645,59.22,61.32,64.05,65.1,66.045,67.62,66.465,65.1,62.685
432004075,2/25/2019,891859122 1 kWh,kWh,63.63,63.945,64.68,66.885,72.66,82.11,92.505,107.625,130.41,132.93,113.925,143.745,140.28,125.79,122.01,110.88,115.185,111.72,93.555,80.115,75.18,69.72,69.93,68.565
432004075,2/26/2019,891859122 1 kWh,kWh,71.295,67.515,67.83,69.09,75.81,84.945,96.81,110.565,120.435,116.445,113.715,106.47,110.145,109.305,103.425,114.765,121.485,118.755,92.085,82.005,78.54,76.23,70.875,71.295
432004075,2/27/2019,891859122 1 kWh,kWh,70.98,68.145,70.98,71.085,79.8,87.675,98.49,116.235,140.385,145.11,146.265,135.87,135.66,140.28,123.06,117.075,112.98,107.415,90.195,80.745,76.65,77.28,78.75,78.225
432004075,2/28/2019,891859122 1 kWh,kWh,72.66,72.345,74.13,70.56,75.915,84.63,89.46,114.555,129.78,127.785,122.01,112.875,104.475,110.145,118.02,121.485,116.97,119.385,93.765,82.005,76.755,70.245,75.81,71.295
432004075,3/1/2019,891859122 1 kWh,kWh,67.41,69.405,68.355,69.72,78.225,85.68,96.6,119.91,132.825,143.64,120.435,113.4,120.33,137.445,119.49,116.34,116.13,121.485,97.86,80.85,74.865,68.985,66.36,65.52
432004075,3/2/2019,891859122 1 kWh,kWh,64.995,64.47,65.835,65.31,66.675,64.68,67.305,65.835,65.205,64.155,63.525,63.0,61.005,57.015,55.545,55.335,57.54,64.26,63.945,63.945,62.16,64.26,66.045,61.845
432004075,3/3/2019,891859122 1 kWh,kWh,65.625,61.635,62.16,62.475,62.37,64.575,60.9,56.91,44.52,41.37,34.44,34.965,38.85,40.845,47.355,55.23,62.79,65.31,66.57,64.05,66.675,63.84,63.105,63.0
432004075,3/4/2019,891859122 1 kWh,kWh,62.58,62.475,64.575,66.045,72.765,81.375,83.685,80.43,79.17,81.06,79.905,82.53,83.895,83.58,82.11,80.01,88.725,91.245,77.595,65.94,66.36,65.31,67.515,66.78
432004075,3/5/2019,891859122 1 kWh,kWh,64.89,66.36,67.725,68.67,75.39,83.58,95.34,118.44,138.6,133.77,130.41,134.505,131.88,136.08,125.475,120.855,120.225,118.23,97.02,88.41,82.845,74.76,70.35,70.245
432004075,3/6/2019,891859122 1 kWh,kWh,71.295,69.405,70.455,70.875,79.38,86.1,94.08,114.03,141.12,135.975,134.715,144.27,144.9,150.465,131.355,125.58,121.695,115.92,94.185,85.68,81.585,75.39,73.605,72.345
432004075,3/7/2019,891859122 1 kWh,kWh,72.45,73.71,73.92,75.075,83.475,90.825,97.755,123.375,141.015,135.975,140.175,136.92,133.245,133.035,136.5,129.465,124.845,115.395,94.71,86.94,80.325,75.39,75.285,74.025
432004075,3/8/2019,891859122 1 kWh,kWh,72.555,72.24,72.345,74.445,84.0,89.985,95.235,129.78,129.36,139.545,127.575,134.4,137.865,133.77,122.955,114.66,107.205,108.99,90.615,75.81,69.3,67.2,65.625,67.515
432004075,3/9/2019,891859122 1 kWh,kWh,65.835,68.985,67.41,67.62,67.83,68.46,67.095,65.1,62.16,61.11,60.06,58.8,57.855,55.755,53.445,56.7,58.065,63.21,63.84,63.525,68.46,64.365,66.15,65.31
432004075,3/10/2019,891859122 1 kWh,kWh,65.52,66.255,64.575,65.835,65.625,66.36,66.57,64.155,63.63,63.735,62.895,65.73,65.1,63.315,63.735,61.425,64.68,70.245,65.625,66.57,65.415,66.465,64.47,64.365
432004075,3/11/2019,891859122 1 kWh,kWh,65.1,66.15,64.995,74.76,82.74,84.21,83.475,77.49,73.395,63.945,59.64,56.385,58.38,57.225,60.375,68.985,76.44,68.985,65.94,58.695,62.265,60.795,60.795,64.26
432004075,3/12/2019,891859122 1 kWh,kWh,63.63,62.895,65.625,74.55,81.9,84.945,84.525,81.69,79.8,70.14,66.57,54.81,48.405,52.185,53.445,64.05,73.605,63.735,65.31,62.685,60.585,64.05,64.05,64.155
432004075,3/13/2019,891859122 1 kWh,kWh,63.525,63.84,63.945,75.18,81.27,85.575,80.535,74.235,67.095,59.325,53.55,53.025,55.545,63.63,61.635,67.62,74.34,63.42,64.26,61.845,60.165,60.27,62.16,62.265
432004075,3/14/2019,891859122 1 kWh,kWh,62.685,62.685,62.58,71.82,80.325,83.58,81.06,78.75,71.295,72.135,60.69,61.215,66.465,71.82,67.83,76.65,83.055,71.19,71.61,59.955,58.275,57.75,59.115,59.955
432004075,3/15/2019,891859122 1 kWh,kWh,59.115,59.22,59.22,72.66,82.845,84.84,81.48,80.535,79.485,80.01,72.345,70.035,67.725,66.99,71.925,69.195,78.54,69.72,66.78,56.175,57.75,57.015,58.38,61.845
432004075,3/16/2019,891859122 1 kWh,kWh,59.85,61.425,59.43,60.585,59.85,60.69,58.065,46.095,38.85,31.29,36.225,36.54,27.3,32.655,36.33,41.16,52.92,58.695,61.95,62.895,60.48,61.215,61.215,63.63
432004075,3/17/2019,891859122 1 kWh,kWh,63.315,61.425,62.79,61.53,64.365,63.315,59.535,46.305,40.74,43.05,25.515,26.88,22.155,26.46,32.235,40.845,52.605,57.75,60.795,61.74,61.845,62.79,63.735,63.42
432004075,3/18/2019,891859122 1 kWh,kWh,64.995,62.685,66.255,75.075,81.27,84.525,80.115,70.14,63.42,59.64,51.135,51.87,49.665,61.425,51.765,62.895,69.195,60.165,61.005,60.06,59.22,59.64,63.525,64.26
432004075,3/19/2019,891859122 1 kWh,kWh,62.895,62.37,63.735,73.395,80.115,84.315,77.28,67.83,61.95,55.965,51.66,48.405,59.43,63.0,59.745,64.26,69.72,59.01,60.795,61.215,59.43,63.63,64.26,64.26
432004075,3/20/2019,891859122 1 kWh,kWh,63.735,63.84,64.785,75.705,80.745,83.055,78.12,68.565,63.735,54.81,50.295,51.135,64.47,65.31,71.925,77.805,86.52,71.505,61.32,60.9,58.8,59.535,62.055,61.32
432004075,3/21/2019,891859122 1 kWh,kWh,64.26,63.84,64.995,74.13,81.69,83.79,80.115,79.485,82.215,84.735,82.215,78.225,71.505,76.44,72.03,74.235,75.495,62.58,63.0,62.895,60.585,59.955,61.215,63.735
432004075,3/22/2019,891859122 1 kWh,kWh,65.1,62.685,64.26,73.395,79.59,82.74,79.485,78.015,78.33,75.285,73.92,68.985,61.845,71.505,70.875,69.09,72.555,60.165,62.16,60.48,59.85,61.95,64.575,62.79
432004075,3/23/2019,891859122 1 kWh,kWh,63.945,63.315,62.475,62.58,63.315,63.315,59.955,55.02,44.625,47.67,36.33,42.315,33.285,28.665,36.435,43.365,55.23,64.68,64.575,66.045,66.675,67.515,66.255,64.155
432004075,3/24/2019,891859122 1 kWh,kWh,63.63,64.365,63.105,64.26,64.26,65.835,57.96,49.035,42.63,31.5,26.985,25.83,28.875,37.8,50.925,51.345,57.015,59.745,63.84,61.425,61.425,61.845,60.375,59.85
432004075,3/25/2019,891859122 1 kWh,kWh,58.905,60.375,60.375,74.13,82.635,108.465,127.155,136.605,135.135,133.56,130.83,126.735,104.895,109.62,105.84,117.18,119.49,95.34,90.51,74.025,65.94,66.045,66.78,66.885
432004075,3/26/2019,891859122 1 kWh,kWh,66.99,66.36,66.675,76.86,84.105,96.18,114.03,117.81,111.09,104.265,107.835,107.625,108.045,102.585,107.94,108.36,110.985,77.49,78.33,71.505,66.15,65.73,67.515,66.15
432004075,3/27/2019,891859122 1 kWh,kWh,66.78,63.84,66.57,78.75,84.21,93.87,112.35,115.395,111.09,100.065,95.445,96.81,93.765,120.54,110.145,108.99,104.685,74.34,73.08,68.145,67.83,63.735,64.575,65.625
432004075,3/28/2019,891859122 1 kWh,kWh,64.365,65.94,65.52,75.915,83.265,90.615,110.355,117.705,113.295,104.79,96.18,105.105,114.135,110.985,116.025,134.085,141.435,125.895,110.04,86.625,71.715,65.1,66.78,63.84
432004075,3/29/2019,891859122 1 kWh,kWh,63.42,63.42,64.26,73.815,79.38,87.885,104.265,123.48,122.325,123.795,130.62,139.125,149.205,128.52,122.745,111.615,119.49,100.38,88.62,67.305,66.99,60.48,64.05,60.69
432004075,3/30/2019,891859122 1 kWh,kWh,61.215,61.005,59.955,61.635,62.37,63.42,60.585,57.12,49.14,41.265,36.54,32.025,31.71,34.65,37.275,39.375,54.18,61.425,64.89,63.42,62.895,62.37,64.05,63.105
432004075,3/31/2019,891859122 1 kWh,kWh,62.265,62.58,62.79,63.42,65.205,61.215,57.54,50.505,55.335,50.295,58.905,61.53,56.7,61.845,59.325,65.415,62.58,64.05,67.41,69.195,69.615,68.775,68.67,65.31
432004075,4/1/2019,891859122 1 kWh,kWh,66.99,66.57,67.41,77.28,83.37,95.025,113.61,122.535,127.155,116.97,116.655,109.305,108.36,101.745,105.945,99.33,103.005,83.37,84.105,81.48,70.98,68.88,66.885,69.615
432004075,4/2/2019,891859122 1 kWh,kWh,66.99,68.04,68.565,80.01,84.525,94.71,110.67,117.075,115.71,110.25,102.585,103.845,117.6,108.675,115.08,116.97,120.855,80.64,79.275,72.66,67.2,66.045,65.835,66.15
432004075,4/3/2019,891859122 1 kWh,kWh,64.89,65.205,67.095,77.805,83.58,92.715,122.85,128.625,122.115,109.305,111.825,114.975,117.075,110.67,110.25,102.795,107.52,93.345,91.035,69.09,66.045,66.255,65.625,64.05
432004075,4/4/2019,891859122 1 kWh,kWh,62.79,62.895,64.05,75.915,81.795,93.45,113.925,112.455,110.145,109.095,106.05,102.795,122.745,114.975,114.555,123.48,116.34,100.695,98.28,75.285,65.625,63.63,65.625,63.525
432004075,4/5/2019,891859122 1 kWh,kWh,62.58,63.63,64.995,76.545,82.74,86.415,101.01,114.555,111.615,117.285,116.655,112.77,119.175,108.885,116.34,105.63,99.12,80.64,73.185,69.51,67.725,66.465,66.57,71.715
432004075,4/6/2019,891859122 1 kWh,kWh,66.99,66.57,66.255,65.94,67.41,65.94,65.1,58.065,42.525,33.495,29.505,29.61,31.29,34.125,39.48,48.615,56.91,61.005,62.685,63.42,66.57,62.58,61.635,61.845
432004075,4/7/2019,891859122 1 kWh,kWh,63.315,64.575,64.26,63.945,64.785,63.525,54.81,46.305,36.96,32.445,26.88,31.92,27.72,26.985,40.005,55.965,62.055,63.315,64.05,67.62,63.63,63.105,63.525,67.935
432004075,4/8/2019,891859122 1 kWh,kWh,64.47,64.26,63.84,77.28,84.42,91.245,121.905,139.65,142.905,137.865,132.93,138.39,143.535,139.65,143.955,127.89,123.165,94.5,90.93,72.66,66.15,66.045,67.41,65.1
432004075,4/9/2019,891859122 1 kWh,kWh,63.315,63.525,63.42,72.45,83.37,86.1,110.355,130.095,126.735,118.125,126.105,128.625,127.89,120.12,116.55,109.305,108.045,80.64,77.91,68.985,66.15,64.365,64.155,62.265
432004075,4/10/2019,891859122 1 kWh,kWh,63.315,66.36,64.995,74.865,81.585,88.83,108.045,111.72,106.89,91.035,101.745,118.755,112.56,111.72,107.1,106.995,109.2,92.4,91.035,75.18,73.395,69.3,62.895,61.11
432004075,4/11/2019,891859122 1 kWh,kWh,62.16,62.16,64.575,72.66,82.005,90.825,107.205,124.005,128.52,116.655,93.135,117.705,120.54,133.245,128.625,123.585,110.67,85.365,86.94,67.725,63.63,62.895,62.79,63.21
432004075,4/12/2019,891859122 1 kWh,kWh,62.16,62.685,63.945,73.185,79.59,85.575,111.405,128.835,139.545,138.285,130.725,122.745,136.29,127.155,113.295,105.42,112.14,91.455,82.95,65.52,62.265,60.9,60.165,59.745
432004075,4/13/2019,891859122 1 kWh,kWh,58.905,61.005,59.22,59.01,58.8,58.695,57.855,55.335,51.66,47.145,49.14,33.075,28.455,28.56,35.28,46.095,49.56,54.81,55.335,57.225,57.435,58.17,58.8,58.17
432004075,4/14/2019,891859122 1 kWh,kWh,59.955,59.22,60.165,59.43,58.905,57.645,53.13,49.035,42.0,35.385,27.51,25.305,28.245,44.31,46.41,50.61,58.065,59.64,65.52,61.53,60.27,61.005,58.38,58.905
432004075,4/15/2019,891859122 1 kWh,kWh,58.17,58.695,59.745,75.285,86.625,106.575,133.14,133.98,142.59,135.555,119.28,148.785,157.71,138.915,141.855,121.38,121.485,97.86,91.245,75.075,72.765,65.415,69.93,60.795
432004075,4/16/2019,891859122 1 kWh,kWh,60.165,60.375,61.845,71.295,77.07,84.42,106.26,105.945,98.7,91.665,102.27,109.935,120.96,111.405,114.66,111.195,114.66,91.56,87.465,67.83,64.785,63.21,64.68,60.06
432004075,4/17/2019,891859122 1 kWh,kWh,59.955,60.585,61.53,79.905,89.565,96.915,109.2,115.605,118.545,112.35,111.405,112.245,112.455,116.97,102.375,100.38,102.06,95.235,93.345,72.24,66.465,64.05,63.525,62.16
432004075,4/18/2019,891859122 1 kWh,kWh,61.95,62.895,62.37,80.955,90.72,113.085,131.565,141.96,144.165,142.59,136.92,135.87,141.96,133.245,135.345,131.25,125.055,108.78,93.87,69.405,62.895,63.21,62.58,60.795
432004075,4/19/2019,891859122 1 kWh,kWh,60.69,62.055,61.95,77.28,82.32,84.42,82.32,82.635,83.475,77.7,66.99,62.055,72.765,72.345,68.04,79.065,80.745,74.865,74.445,57.435,59.01,58.38,61.845,60.27
432004075,4/20/2019,891859122 1 kWh,kWh,61.005,60.165,58.17,59.535,60.48,58.38,58.275,58.17,55.965,55.125,54.6,49.98,51.135,49.245,50.925,55.125,55.44,57.54,60.48,61.005,62.055,60.165,60.69,59.745
432004075,4/21/2019,891859122 1 kWh,kWh,59.745,62.79,60.27,61.005,60.06,58.695,54.6,54.6,54.495,52.08,52.395,53.865,53.235,52.185,49.14,54.18,53.025,57.435,61.95,63.63,64.575,62.37,61.005,62.58
432004075,4/22/2019,891859122 1 kWh,kWh,62.055,64.26,64.995,75.39,81.375,93.135,114.03,128.94,120.33,125.265,129.78,137.76,144.165,136.185,141.435,137.655,137.865,106.05,101.22,82.11,74.34,64.89,65.415,63.84
432004075,4/23/2019,891859122 1 kWh,kWh,,,,,,,,,,,,,,,,,,,,,,,,
432004075,4/24/2019,891859122 1 kWh,kWh,,,,,,,,,,,,,,,,,,,,,,,,
432004075,4/25/2019,891859122 1 kWh,kWh,,,,,,,,,,,,,,,,,,,,,,,,
432004075,4/26/2019,891859122 1 kWh,kWh,,,,,,,,,,,,,,,,,,,,,,,,
432004075,4/27/2019,891859122 1 kWh,kWh,,,,,,,,,,,,,,,,,,,,,,,,
432004075,4/28/2019,891859122 1 kWh,kWh,,,,,,,,,,,,,,,,,,,,,,,,
432004075,4/29/2019,891859122 1 kWh,kWh,,,,,,,,,,,,,,,,,,,,,,,,
432004075,4/30/2019,891859122 1 kWh,kWh,,,,,,,,,,,,,,,,,,,,,,,,
432004075,5/1/2019,891859122 1 kWh,kWh,,,,,,,,,,,,,,,,,,,,,,,,
432004075,5/2/2019,891859122 1 kWh,kWh,,,,,,,,,,,,,,,,,,,,,,,,
432004075,5/3/2019,891859122 1 kWh,kWh,,,,,,,,,,,,,,,,,,,,,,,,
432004075,5/4/2019,891859122 1 kWh,kWh,,,,,,,,,,,,,,,,,,,,,,,,
432004075,5/5/2019,891859122 1 kWh,kWh,,,,,,,,,,,,,,,,,,,,,,,,
432004075,5/6/2019,891859122 1 kWh,kWh,,,,,,,,,,,,,,,,,,,,,,,,
432004075,5/7/2019,891859122 1 kWh,kWh,,,,,,,,,,,,,,,,,,,,,,,,
432004075,5/8/2019,891859122 1 kWh,kWh,,,,,,,,,,,,,,,,,,,,,,,,
432004075,5/9/2019,891859122 1 kWh,kWh,,,,,,,,,,,,,,,,,,,,,,,,
432004075,5/10/2019,891859122 1 kWh,kWh,,,,,,,,,,,,,,,,,,,,,,,,
432004075,5/11/2019,891859122 1 kWh,kWh,,,,,,,,,,,,,,,,,,,,,,,,
432004075,5/12/2019,891859122 1 kWh,kWh,,,,,,,,,,,,,,,,,,,,,,,,
432004075,5/13/2019,891859122 1 kWh,kWh,,,,,,,,,,,,,,,,,,,,,,,,
432004075,5/14/2019,891859122 1 kWh,kWh,,,,,,,,,,,,,,,,,,,,,,,,
432004075,5/15/2019,891859122 1 kWh,kWh,,,,,,,,,,,,,,,,,,,,,,,,
432004075,5/16/2019,891859122 1 kWh,kWh,,,,,,,,,,,,,,,,,,,,,,,,
432004075,5/17/2019,891859122 1 kWh,kWh,,,,,,,,,,,,,,,,,,,,,,,,
432004075,5/18/2019,891859122 1 kWh,kWh,,,,,,,,,,,,,,,,,,,,,,,,
432004075,5/19/2019,891859122 1 kWh,kWh,,,,,,,,,,,,,,,,,,,,,,,,
432004075,5/20/2019,891859122 1 kWh,kWh,,,,,,,,,,,,,,,,,,,,,,,,
